,
,
,
,
,
Eid,globTime
32,106.507
32,105.099
32,99.1841
37,105.063
38,429.669
38,427.937
39,113.285
75,448.547
75,448.547
75,448.547
75,448.547
75,448.547
75,448.547
75,448.547
75,448.547
75,448.547
75,448.547
75,448.548
75,448.548
75,448.548
75,448.548
75,448.548
75,448.548
75,448.548
75,448.548
75,448.548
75,448.549
75,448.549
75,448.549
75,448.549
75,448.549
75,448.549
75,448.549
100,0.44062
100,0.440621
100,0.416185
100,0.416196
100,0.416263
100,0.416292
100,0.416308
100,0.416322
100,0.416326
100,0.416353
100,0.416357
100,0.416373
100,0.416391
100,0.4164
164,244.357
164,243.946
170,85.5605
208,115.395
208,115.396
208,115.396
208,115.396
208,115.396
208,115.396
208,115.396
208,115.396
208,115.396
208,115.396
208,115.396
208,115.396
208,115.396
208,115.396
208,115.396
208,115.397
208,115.397
208,115.397
208,115.397
208,115.397
208,115.397
208,115.397
208,115.397
208,115.397
208,115.398
208,115.398
208,115.398
208,115.398
208,115.398
208,115.398
208,115.398
208,115.398
208,115.398
208,115.398
208,115.398
208,115.398
208,115.398
208,115.398
208,115.398
208,115.398
208,115.399
208,115.399
208,115.399
208,115.399
208,115.399
208,115.399
208,115.399
208,115.399
208,115.399
208,115.399
208,115.399
208,115.399
208,115.399
208,115.399
208,115.399
208,115.399
208,115.399
208,115.399
208,115.399
208,115.4
208,115.4
208,115.4
208,115.4
208,115.4
265,372.392
265,372.392
265,372.392
265,372.392
361,141.965
361,141.557
385,168.89
392,31.4299
444,528.142
470,29.4881
490,301.588
497,606.484
497,606.484
497,606.484
497,606.484
497,606.484
497,606.484
497,606.484
497,606.484
497,606.484
497,606.484
497,606.484
497,606.484
506,308.267
520,1.12139
520,1.12153
520,1.12167
520,1.12169
520,1.12193
520,1.12202
520,1.12207
520,1.12208
520,1.12208
520,1.12212
520,1.12218
520,1.12221
520,1.12224
520,1.12234
520,1.12236
520,1.12236
520,1.12241
520,1.12242
520,1.12244
520,1.12245
520,1.12245
520,1.12251
520,1.12253
520,1.12253
520,1.12255
520,1.12261
520,1.12263
520,1.12271
520,1.12271
520,1.12276
520,1.1228
520,1.12281
520,1.12284
520,1.12284
520,1.12285
557,0.341879
557,0.341952
557,0.342021
557,0.342086
557,0.342246
557,0.342392
557,0.342406
557,0.342494
557,0.342515
557,0.342669
557,0.342705
557,0.342717
557,0.342786
557,0.342786
557,0.343047
557,0.343048
557,0.343096
557,0.343188
557,0.343226
557,0.343376
557,0.343383
557,0.343399
557,0.343426
557,0.343446
557,0.343489
557,0.343524
557,0.343553
557,0.343592
557,0.343606
557,0.343614
557,0.343676
557,0.343712
557,0.343738
557,0.343748
557,0.34377
557,0.34377
557,0.343814
557,0.343829
557,0.343849
557,0.343859
557,0.343868
557,0.343883
557,0.343894
703,214.654
720,0.486617
720,0.486652
720,0.486775
720,0.48698
720,0.487096
720,0.48719
720,0.487229
720,0.487301
720,0.48733
720,0.487412
720,0.487462
720,0.487472
720,0.487526
720,0.487596
720,0.487685
720,0.487715
720,0.487726
720,0.487764
720,0.487774
720,0.487808
720,0.487853
720,0.488017
720,0.488024
720,0.488185
720,0.488367
720,0.488408
720,0.488433
720,0.488446
720,0.488455
720,0.488551
720,0.488567
720,0.488581
720,0.488603
720,0.488657
720,0.488701
720,0.488714
720,0.488741
720,0.488742
720,0.488783
720,0.488852
720,0.488903
720,0.488941
720,0.48895
720,0.488993
720,0.488998
720,0.489062
720,0.489086
720,0.489122
720,0.489146
720,0.489148
720,0.489149
720,0.489152
752,0.387186
752,0.38719
752,0.387191
752,0.387203
752,0.387246
752,0.387272
752,0.387389
752,0.38743
752,0.387444
752,0.387456
752,0.387503
752,0.387522
752,0.387541
752,0.387566
752,0.38564
752,0.385662
752,0.385686
752,0.385714
752,0.38573
752,0.385763
752,0.385829
752,0.385843
752,0.385913
752,0.385945
752,0.386009
752,0.386016
752,0.386025
752,0.379468
752,0.379478
752,0.379487
752,0.379488
811,163.713
828,97.2044
835,186.78
835,186.229
872,220.099
907,46.5918
907,46.5918
907,46.5918
921,138.216
993,269.356
993,269.356
993,269.328
993,269.328
993,269.328
993,269.328
993,269.328
1024,458.103
1031,252.778
1033,1.01262
1033,0.954799
1033,0.954821
1037,59.9081
1070,17.7828
1170,72.7732
1170,72.7732
1171,67.4318
1171,66.0236
1201,243.874
1254,67.5443
1254,67.5444
1254,67.5444
1254,67.5444
1254,67.5444
1263,0.665601
1263,0.66562
1263,0.665656
1263,0.665657
1263,0.665682
1263,0.665692
1263,0.66571
1263,0.665713
1263,0.665715
1263,0.665728
1283,387.265
1283,386.747
1286,540.036
1286,540.037
1286,540.037
1286,540.037
1286,540.037
1286,540.037
1286,540.037
1286,540.037
1286,540.037
1286,540.037
1286,540.037
1286,540.037
1286,540.037
1286,540.038
1286,540.038
1286,540.038
1286,540.038
1286,540.038
1286,540.038
1286,540.038
1286,540.038
1286,540.038
1286,540.038
1286,540.039
1286,540.039
1286,540.039
1286,540.039
1286,540.039
1286,540.039
1286,540.039
1286,540.039
1286,540.039
1286,540.039
1286,540.039
1286,540.039
1286,540.039
1286,540.039
1286,540.039
1286,540.04
1286,540.04
1286,540.04
1286,540.04
1286,540.04
1286,540.04
1286,540.04
1286,540.04
1286,540.04
1286,540.04
1286,540.04
1286,540.04
1286,540.04
1286,540.04
1286,540.04
1286,540.04
1286,540.041
1286,540.041
1286,540.041
1286,540.041
1286,540.041
1286,540.041
1286,540.041
1286,540.041
1286,540.041
1286,540.041
1286,540.041
1286,540.041
1286,540.041
1286,540.041
1286,540.041
1286,540.041
1286,540.041
1286,540.041
1286,540.041
1286,540.041
1286,540.041
1286,540.041
1286,540.041
1286,540.041
1286,540.041
1314,0.653099
1314,0.653112
1314,0.653116
1314,0.653118
1314,0.653121
1314,0.637777
1314,0.574323
1314,0.574336
1314,0.55107
1390,58.1495
1393,86.2151
1443,102.917
1458,51.4443
1458,51.4444
1458,51.4444
1458,51.4444
1458,51.4444
1458,51.4444
1482,0.606308
1482,0.606325
1482,0.606359
1482,0.606378
1482,0.606385
1482,0.60639
1482,0.606405
1482,0.606414
1482,0.491287
1482,0.491397
1482,0.491423
1482,0.49143
1482,0.491531
1482,0.491545
1482,0.491591
1482,0.491597
1482,0.491605
1482,0.491644
1482,0.491775
1482,0.491783
1482,0.49186
1482,0.491948
1482,0.492004
1482,0.492026
1482,0.492076
1482,0.492128
1482,0.49223
1482,0.492307
1482,0.492342
1482,0.492344
1482,0.492396
1482,0.492422
1482,0.492442
1482,0.492454
1482,0.492456
1524,200.079
1537,202.735
1537,202.228
1587,59.0441
1604,72.5052
1611,116.854
1640,0.683123
1640,0.683176
1640,0.683229
1640,0.683242
1640,0.683302
1640,0.68335
1640,0.683486
1640,0.683499
1640,0.683546
1640,0.683565
1640,0.683617
1640,0.683636
1640,0.683675
1640,0.68368
1640,0.683689
1640,0.683713
1640,0.683737
1640,0.683759
1677,274.035
1681,1.0018
1681,1.00193
1681,1.00196
1681,1.00213
1681,1.00217
1681,1.0022
1681,1.0022
1681,1.00226
1681,1.0024
1681,1.00246
1681,1.00271
1681,1.00272
1681,1.00283
1681,1.00284
1681,1.00286
1681,1.003
1681,1.00303
1681,1.00309
1681,1.00322
1681,1.00326
1681,1.00327
1681,1.00331
1681,1.00338
1681,1.00339
1681,1.00347
1681,1.00378
1681,1.00381
1681,1.00388
1681,1.00394
1681,1.00394
1681,1.00401
1681,1.00433
1681,1.00454
1681,1.00471
1681,1.00483
1681,1.00486
1681,1.00514
1681,1.00517
1681,1.00518
1681,1.0052
1681,1.00526
1681,1.00536
1681,1.00547
1681,1.00557
1681,1.00568
1681,1.0057
1681,1.00572
1681,1.00594
1681,1.00602
1681,1.00604
1681,1.00604
1681,1.00607
1681,1.00607
1681,1.0061
1681,1.00615
1681,1.00618
1681,1.00623
1681,1.00626
1681,1.00627
1681,1.00631
1681,1.00633
1681,1.00634
1681,1.00635
1681,1.00635
1681,1.00636
1681,1.00637
1705,74.5861
1710,163.413
1726,146.519
1788,58.3937
1788,58.3938
1788,58.3939
1788,58.3939
1788,58.3939
1788,58.394
1788,58.394
1788,58.394
1788,58.394
1788,58.3941
1788,58.3941
1788,58.3942
1788,58.3942
1788,58.3942
1788,58.3943
1788,58.3943
1788,58.3943
1788,58.3944
1788,58.3944
1799,220.141
1799,220.141
1799,220.141
1799,220.141
1799,220.141
1799,220.141
1799,220.141
1799,220.141
1799,220.141
1811,0.625607
1811,0.625613
1811,0.625617
1811,0.576197
1811,0.576239
1811,0.576345
1811,0.576354
1811,0.57652
1811,0.576618
1811,0.576662
1811,0.576677
1811,0.576799
1811,0.576803
1811,0.576964
1811,0.576979
1811,0.577026
1811,0.577049
1811,0.57732
1811,0.577386
1811,0.577389
1811,0.577432
1811,0.577447
1811,0.577455
1811,0.57751
1811,0.577658
1811,0.577786
1811,0.577813
1811,0.577818
1811,0.577974
1811,0.578021
1811,0.578044
1811,0.578152
1811,0.578253
1811,0.578301
1811,0.578354
1811,0.578381
1811,0.578566
1811,0.578592
1811,0.578596
1811,0.57863
1811,0.578671
1811,0.578747
1811,0.578781
1811,0.578837
1811,0.578861
1811,0.578862
1811,0.578903
1811,0.579003
1811,0.579015
1811,0.579053
1811,0.57909
1811,0.579177
1811,0.579198
1811,0.579212
1811,0.579245
1811,0.57928
1811,0.579401
1811,0.579446
1811,0.579452
1811,0.579499
1811,0.57956
1811,0.579569
1811,0.579581
1811,0.579582
1811,0.579588
1927,0.616066
1927,0.616112
1927,0.616147
1927,0.616165
1927,0.616173
1940,105.585
1940,105.585
1940,105.585
1940,105.557
1940,105.557
1940,105.557
1940,105.557
1940,105.557
1940,105.557
1940,105.557
1940,105.557
1940,105.557
1940,105.557
1940,105.548
1940,105.548
1940,105.548
1940,105.548
1940,105.548
1940,105.548
1940,105.548
2063,24.828
2068,88.1657
2145,66.7874
2147,30.1609
2147,30.1609
2147,30.1609
2147,30.1609
2147,30.1609
2147,30.0326
2147,30.0327
2147,30.0327
2147,30.0327
2147,30.0327
2147,30.0328
2147,30.0328
2147,30.0328
2147,30.0328
2147,30.0328
2147,30.0328
2147,30.0328
2147,30.0044
2147,30.0045
2147,30.0046
2147,30.0047
2147,30.0047
2147,30.0049
2147,30.0049
2147,30.005
2147,30.0051
2147,30.0051
2147,30.0051
2147,30.0052
2147,30.0052
2147,30.0052
2147,30.0053
2147,30.0054
2147,30.0055
2147,30.0055
2147,30.0056
2147,30.0057
2147,30.0057
2147,30.0057
2147,30.0058
2147,30.0058
2147,30.0058
2147,30.006
2147,30.0061
2147,30.0061
2147,30.0061
2147,30.0061
2147,30.0062
2147,30.0062
2147,30.0063
2147,30.0063
2147,30.0064
2147,30.0064
2147,30.0065
2147,30.0066
2147,30.0066
2147,30.0066
2147,30.0067
2147,30.0069
2147,30.0072
2147,30.0072
2147,30.0073
2147,30.0074
2147,30.0074
2147,30.0075
2147,30.0075
2147,30.0075
2147,30.0076
2147,30.0077
2147,30.0078
2147,30.0079
2147,30.0079
2147,30.0079
2147,30.0081
2147,30.0081
2147,30.0084
2147,30.0086
2147,30.0086
2147,30.0087
2147,30.0088
2147,30.0089
2147,30.0089
2147,30.009
2147,30.009
2147,30.009
2147,30.0091
2147,30.0091
2147,30.0093
2147,30.0093
2147,30.0093
2147,30.0094
2147,30.0094
2147,30.0094
2147,30.0094
2147,30.0095
2147,30.0095
2147,30.0097
2147,30.0097
2147,30.0098
2147,30.0098
2147,30.01
2147,30.01
2147,30.0102
2147,30.0103
2147,30.0104
2147,30.0105
2147,30.0105
2147,30.0105
2147,30.0106
2147,30.0106
2147,30.0106
2147,30.0107
2147,30.0109
2147,30.0109
2147,30.011
2147,30.011
2147,30.011
2147,30.0111
2147,30.0111
2147,30.0111
2147,30.0114
2147,30.0114
2147,30.0115
2147,30.0115
2147,30.0116
2147,30.0117
2147,30.0117
2147,30.0118
2147,30.0118
2147,30.0118
2147,30.0118
2147,30.0119
2147,30.0119
2147,30.012
2147,30.012
2147,30.012
2147,30.012
2147,30.012
2147,30.0121
2147,30.0123
2147,30.0124
2147,30.0124
2147,30.0125
2147,30.0126
2147,30.0126
2147,30.0126
2147,30.0126
2147,30.0127
2147,30.0128
2147,30.0128
2147,30.0128
2154,186.28
2154,186.171
2167,115.925
2167,115.925
2167,115.925
2167,115.925
2167,115.925
2167,115.925
2167,115.925
2167,115.925
2167,115.925
2167,115.925
2167,115.925
2167,115.925
2167,115.925
2167,115.925
2167,115.925
2167,115.926
2167,115.926
2167,115.926
2167,115.926
2167,115.926
2167,115.926
2167,115.926
2167,115.926
2167,115.927
2167,115.927
2167,115.927
2167,115.927
2167,115.927
2167,115.927
2167,115.927
2167,115.927
2167,115.927
2167,115.927
2167,115.927
2167,115.927
2167,115.927
2167,115.927
2167,115.928
2167,115.928
2167,115.928
2167,115.928
2167,115.928
2167,115.928
2167,115.928
2167,115.928
2167,115.928
2167,115.928
2167,115.928
2167,115.928
2167,115.928
2167,115.928
2167,115.928
2167,115.928
2167,115.928
2167,115.928
2167,115.928
2167,115.928
2167,115.928
2167,115.929
2167,115.929
2167,115.929
2167,115.929
2167,115.929
2167,115.929
2167,115.929
2167,115.929
2167,115.929
2167,115.929
2167,115.929
2167,115.929
2167,115.929
2167,115.929
2167,115.929
2167,115.929
2176,0.726091
2176,0.726165
2176,0.726183
2176,0.726195
2176,0.726311
2176,0.726331
2176,0.726353
2176,0.726413
2176,0.726482
2176,0.726529
2176,0.726546
2176,0.726583
2176,0.726626
2176,0.726711
2176,0.726735
2176,0.726757
2176,0.726797
2176,0.726812
2176,0.726862
2176,0.726884
2176,0.726898
2176,0.726956
2176,0.727064
2176,0.727089
2176,0.727197
2176,0.727232
2176,0.727273
2176,0.727291
2176,0.72737
2176,0.727374
2176,0.727469
2176,0.727518
2176,0.727537
2176,0.727544
2193,48.9307
2193,48.9309
2193,48.9311
2193,48.9312
2193,48.9314
2193,48.9315
2193,48.9315
2193,48.9315
2193,48.9316
2193,48.9316
2193,48.9316
2193,48.9317
2193,48.9317
2193,48.9319
2193,48.9319
2193,48.932
2193,48.932
2193,48.9322
2193,48.9322
2193,48.9323
2193,48.9326
2193,48.9327
2193,48.9331
2193,48.9333
2193,48.9334
2193,48.9334
2193,48.9334
2193,48.9335
2193,48.9335
2193,48.9335
2193,48.9336
2193,48.9336
2193,48.9336
2193,48.9338
2193,48.9338
2193,48.9339
2193,48.9339
2193,48.934
2193,48.934
2193,48.9341
2193,48.9341
2193,48.9344
2193,48.9345
2193,48.9345
2193,48.9346
2193,48.9348
2193,48.9349
2193,48.9349
2193,48.9349
2193,48.935
2193,48.935
2193,48.935
2193,48.9352
2193,48.9353
2193,48.9354
2193,48.9354
2193,48.9355
2193,48.9355
2193,48.9355
2193,48.9356
2193,48.9356
2193,48.9358
2239,67.8135
2272,43.9995
2272,43.9996
2272,43.9996
2272,43.9996
2272,43.9932
2272,43.9932
2272,43.9933
2272,43.9933
2272,43.9934
2272,43.9934
2272,43.9934
2272,43.9935
2272,43.959
2272,43.959
2272,43.959
2290,375.404
2298,30.2356
2331,134.452
2335,131.922
2335,131.922
2335,131.922
2335,131.922
2335,131.922
2335,131.922
2335,131.922
2335,131.923
2335,131.923
2335,131.923
2335,131.923
2335,131.923
2335,131.923
2335,131.923
2335,131.923
2335,131.923
2335,131.923
2335,131.923
2335,131.923
2335,131.857
2335,131.857
2335,131.857
2335,131.857
2335,131.858
2335,131.858
2335,131.858
2335,131.859
2335,131.859
2335,131.859
2335,131.859
2335,131.859
2335,131.859
2335,131.859
2335,131.859
2335,131.86
2335,131.86
2335,131.86
2335,131.86
2335,131.86
2335,131.86
2335,131.86
2335,131.86
2335,131.86
2335,131.861
2335,131.861
2335,131.861
2335,131.861
2335,131.861
2335,131.861
2335,131.861
2335,131.862
2335,131.862
2335,131.862
2335,131.862
2335,131.862
2335,131.862
2335,131.862
2335,131.863
2335,131.863
2335,131.863
2335,131.863
2335,131.863
2335,131.863
2335,131.863
2335,131.864
2335,131.864
2335,131.864
2335,131.865
2335,131.865
2335,131.865
2335,131.865
2335,131.865
2335,131.865
2335,131.865
2335,131.865
2335,131.866
2335,131.866
2335,131.866
2335,131.866
2397,512.098
2397,512.098
2397,512.098
2397,512.098
2397,512.099
2397,512.099
2397,512.099
2397,512.099
2397,512.099
2397,512.099
2397,512.099
2397,512.099
2397,512.099
2397,512.099
2397,512.099
2397,512.099
2397,512.1
2397,512.1
2397,512.1
2397,512.1
2397,512.1
2397,512.1
2397,512.1
2397,512.1
2397,512.1
2397,512.101
2397,512.101
2397,512.101
2397,512.101
2397,512.101
2397,512.101
2397,512.101
2397,512.101
2397,512.101
2397,512.101
2397,512.101
2397,512.101
2397,512.101
2397,512.102
2397,512.102
2397,512.102
2397,512.102
2397,512.102
2397,512.102
2462,165.192
2462,165.192
2462,165.192
2462,165.192
2464,97.2603
2488,531.142
2488,531.142
2488,531.142
2488,531.142
2488,531.142
2488,531.142
2488,531.142
2488,531.142
2488,531.142
2488,531.142
2488,531.142
2488,531.142
2488,531.142
2488,531.142
2488,531.142
2488,531.142
2488,531.142
2488,531.143
2488,531.143
2488,531.143
2488,531.143
2488,531.143
2488,531.143
2488,531.143
2488,531.143
2488,531.143
2488,531.143
2488,531.143
2488,531.143
2488,531.143
2490,21.7423
2497,241.973
2497,241.95
2497,241.919
2497,241.908
2505,41.3186
2555,162.834
2555,162.926
2557,171.139
2557,128.72
2599,530.452
2633,72.8122
2657,150.913
2657,150.913
2657,150.913
2657,150.912
2657,150.912
2657,150.912
2657,150.912
2657,150.884
2657,150.884
2657,150.879
2657,150.879
2657,150.879
2657,150.879
2657,150.879
2657,150.88
2657,150.88
2657,150.88
2657,150.88
2657,150.88
2657,150.88
2657,150.88
2657,150.88
2657,150.88
2657,150.88
2657,150.881
2657,150.881
2657,150.881
2657,150.881
2657,150.881
2657,150.881
2657,150.881
2657,150.881
2657,150.881
2657,150.881
2730,155.368
2744,27.2993
2744,27.2996
2744,27.2998
2744,27.2999
2744,27.3001
2744,27.3001
2744,27.3001
2744,27.3002
2744,27.3002
2744,27.3002
2744,27.3004
2744,27.3005
2744,27.3005
2744,27.3006
2744,27.3006
2744,27.3007
2744,27.3007
2744,27.3008
2744,27.3008
2744,27.3009
2744,27.3011
2744,27.3012
2744,27.3012
2744,27.3013
2744,27.3014
2744,27.3014
2744,27.3015
2744,27.3015
2744,27.3017
2744,27.302
2744,27.302
2744,27.3022
2744,27.3023
2744,27.3023
2744,27.3024
2744,27.3024
2744,27.3024
2744,27.3028
2744,27.3031
2744,27.3032
2744,27.3034
2744,27.3035
2744,27.3035
2744,27.3036
2744,27.3038
2744,27.3039
2744,27.3039
2744,27.3039
2744,27.3041
2744,27.3041
2744,27.3041
2744,27.3042
2744,27.3042
2744,27.3045
2744,27.3045
2744,27.3046
2744,27.3046
2744,27.3047
2744,27.3047
2744,27.3048
2744,27.3049
2744,27.305
2744,27.3051
2744,27.3052
2744,27.3053
2744,27.3053
2744,27.3053
2744,27.3054
2744,27.3054
2744,27.3055
2744,27.3055
2744,27.3056
2744,27.3056
2744,27.3056
2744,27.3057
2744,27.3058
2744,27.3058
2744,27.3059
2744,27.3059
2744,27.3059
2744,27.306
2744,27.306
2744,27.3061
2744,27.3061
2744,27.3062
2744,27.3063
2744,27.3063
2744,27.3063
2744,27.3063
2744,27.3063
2744,27.3063
2784,0.474494
2784,0.474515
2784,0.474623
2784,0.474763
2784,0.474796
2784,0.474878
2784,0.474913
2784,0.475034
2784,0.475184
2784,0.475212
2784,0.475267
2784,0.475409
2784,0.475421
2784,0.475455
2784,0.475722
2784,0.475779
2784,0.475848
2784,0.475912
2784,0.475925
2784,0.476014
2784,0.476049
2784,0.476115
2784,0.476243
2784,0.476361
2784,0.476367
2784,0.476477
2784,0.476702
2784,0.476749
2784,0.476788
2784,0.476849
2784,0.476859
2784,0.476944
2784,0.47696
2784,0.477078
2784,0.477093
2784,0.477107
2784,0.47724
2784,0.477254
2784,0.477271
2784,0.477306
2784,0.47748
2784,0.477576
2784,0.477658
2784,0.477678
2784,0.477716
2784,0.477826
2784,0.477868
2784,0.477931
2784,0.477937
2784,0.47802
2784,0.478045
2784,0.478067
2784,0.47817
2784,0.47819
2784,0.47831
2784,0.478382
2784,0.478453
2784,0.478463
2784,0.47861
2784,0.47867
2784,0.478807
2784,0.478866
2784,0.478999
2784,0.479014
2784,0.479102
2784,0.479127
2784,0.479159
2784,0.479216
2784,0.479276
2784,0.479315
2784,0.479322
2784,0.479392
2784,0.479504
2784,0.479601
2784,0.479672
2784,0.479739
2784,0.479777
2784,0.479781
2784,0.479794
2784,0.479801
2784,0.479804
2784,0.479836
2784,0.47984
2784,0.479872
2784,0.479878
2784,0.479883
2789,113.132
2789,113.132
2789,113.132
2789,113.132
2789,113.133
2789,113.133
2789,113.133
2789,113.133
2789,113.133
2789,113.133
2789,113.133
2789,113.133
2789,113.133
2789,113.133
2789,113.133
2789,113.133
2789,113.133
2789,113.133
2789,113.133
2789,113.133
2789,113.133
2789,113.133
2800,1.27321
2800,1.19315
2800,0.454683
2800,0.454683
2800,0.454776
2800,0.454794
2800,0.454939
2800,0.454985
2800,0.454997
2800,0.45503
2800,0.455055
2800,0.455108
2800,0.455157
2800,0.45518
2800,0.45518
2800,0.455194
2800,0.455255
2800,0.45542
2800,0.455434
2800,0.455531
2800,0.455646
2800,0.455795
2800,0.455803
2800,0.455846
2800,0.455848
2800,0.455876
2800,0.455905
2800,0.456163
2800,0.456348
2800,0.456369
2800,0.456475
2800,0.456504
2800,0.456592
2800,0.456762
2800,0.456888
2800,0.456905
2800,0.456913
2800,0.456926
2800,0.456948
2800,0.457055
2800,0.457242
2800,0.45744
2800,0.457453
2800,0.457536
2800,0.45754
2800,0.457586
2800,0.457714
2800,0.457824
2800,0.457941
2800,0.457989
2800,0.458131
2800,0.458184
2800,0.458236
2800,0.45834
2800,0.45836
2800,0.458366
2800,0.458384
2800,0.45841
2800,0.458502
2800,0.458521
2800,0.458583
2800,0.458585
2800,0.458596
2800,0.458636
2800,0.458673
2800,0.458696
2800,0.458721
2800,0.458741
2800,0.458748
2871,96.212
2871,91.4415
2972,23.7107
3059,125.788
3059,125.788
3059,125.788
3059,125.788
3059,125.788
3059,125.788
3059,125.788
3059,125.788
3059,125.788
3059,125.788
3059,125.788
3059,125.788
3059,125.788
3062,89.1737
3062,87.767
3085,182.653
3090,208.254
3116,92.6043
3128,275.167
3128,275.167
3128,275.167
3128,275.167
3128,275.167
3128,275.167
3128,275.168
3128,275.168
3128,275.168
3128,275.168
3128,275.168
3128,275.168
3128,275.168
3128,275.144
3128,275.144
3128,275.145
3128,275.145
3128,275.145
3128,275.145
3128,275.145
3128,275.145
3128,275.145
3128,275.145
3128,275.145
3128,275.145
3128,275.145
3128,275.145
3128,275.145
3128,275.145
3128,275.141
3128,275.141
3128,275.141
3128,275.141
3128,275.141
3128,275.141
3128,275.132
3139,9.45056
3139,9.45062
3139,9.45063
3139,9.45068
3139,9.45069
3139,9.4507
3139,9.45072
3139,9.45072
3139,9.45072
3139,9.45073
3139,9.44499
3139,9.44499
3139,9.44503
3139,9.44505
3139,9.44511
3139,9.44517
3139,9.44519
3139,9.44521
3139,9.44529
3139,9.4453
3139,9.44534
3139,9.44534
3139,9.44542
3139,9.44543
3139,9.44544
3139,9.44545
3140,140.516
3140,99.0207
3140,97.7786
3140,96.791
3196,101.639
3210,614.161
3312,132.479
3312,132.487
3316,24.4108
3324,115.935
3324,116.064
3365,233.085
3365,233.085
3365,233.085
3365,233.085
3365,233.085
3365,233.085
3365,233.085
3365,233.085
3365,233.085
3365,233.085
3365,233.085
3365,233.085
3365,233.085
3365,233.085
3365,233.086
3365,233.086
3365,233.086
3365,233.086
3365,233.086
3365,233.086
3365,233.086
3365,233.086
3365,233.086
3365,233.086
3365,233.086
3365,233.086
3365,233.086
3365,233.086
3365,233.071
3365,233.071
3365,233.071
3365,233.071
3365,233.071
3365,233.071
3365,233.071
3365,233.071
3365,233.071
3365,233.071
3365,233.072
3365,233.072
3365,233.072
3365,233.072
3365,233.072
3365,233.072
3365,233.072
3365,233.072
3365,233.072
3365,233.073
3365,233.073
3365,233.073
3365,233.073
3365,233.073
3365,233.073
3365,233.073
3365,233.074
3365,233.074
3365,233.074
3365,233.074
3365,233.074
3365,233.074
3365,233.074
3365,233.074
3365,233.074
3365,233.075
3365,233.075
3365,233.075
3365,233.075
3365,233.075
3365,233.075
3365,233.075
3365,233.075
3365,233.075
3365,233.075
3365,233.075
3365,233.076
3365,233.076
3365,233.076
3365,233.076
3365,233.076
3365,233.076
3365,233.076
3365,233.076
3365,233.076
3365,233.076
3365,233.076
3365,233.077
3365,233.077
3365,233.077
3365,233.077
3365,233.077
3365,233.077
3365,233.077
3365,233.077
3365,233.077
3365,233.077
3365,233.077
3365,233.077
3365,233.077
3365,233.077
3365,233.077
3365,233.078
3365,233.078
3365,233.078
3365,233.078
3365,233.078
3365,233.078
3365,233.078
3365,233.078
3365,233.078
3365,233.078
3365,233.078
3365,233.079
3365,233.079
3365,233.079
3365,233.079
3365,233.079
3365,233.079
3365,233.079
3365,233.079
3365,233.079
3365,233.079
3365,233.079
3365,233.079
3365,233.079
3365,233.079
3365,233.079
3365,233.08
3365,233.08
3365,233.08
3365,233.08
3365,233.08
3365,233.08
3365,233.08
3365,233.08
3365,233.08
3365,233.08
3365,233.08
3365,233.081
3365,233.081
3365,233.081
3365,233.081
3365,233.081
3365,233.081
3365,233.081
3365,233.081
3365,233.081
3365,233.081
3365,233.081
3365,233.081
3365,233.081
3365,233.081
3365,233.081
3365,233.081
3365,233.082
3365,233.082
3365,233.082
3365,233.082
3365,233.082
3365,233.082
3365,233.082
3365,233.082
3365,233.082
3365,233.082
3365,233.082
3365,233.082
3365,233.082
3365,233.082
3365,233.082
3365,233.082
3365,233.082
3365,233.082
3365,233.083
3365,233.083
3365,233.083
3365,233.083
3365,233.083
3365,233.083
3365,233.083
3365,233.083
3365,233.083
3372,399.665
3374,135.134
3384,213.795
3384,213.56
3441,160.225
3443,408.81
3455,187.956
3472,125.204
3489,3.06146
3489,3.02963
3489,3.02963
3489,2.01211
3489,2.01219
3489,2.01227
3489,2.01229
3489,2.01247
3489,2.01263
3489,2.01264
3489,2.01267
3489,2.01279
3489,2.01282
3489,2.01284
3489,2.01284
3489,2.01296
3489,2.01304
3489,2.01314
3489,2.01316
3489,2.01319
3489,2.01334
3489,2.01363
3489,2.01366
3489,2.01376
3489,2.01406
3489,2.0142
3489,2.01424
3489,2.01439
3489,2.01445
3489,2.01453
3489,2.01454
3489,2.01455
3489,2.01471
3489,2.01471
3489,2.01471
3489,2.01473
3489,2.01477
3489,2.01478
3489,2.01481
3489,2.01482
3489,2.01485
3489,2.01501
3489,2.01517
3489,2.01518
3489,2.01523
3489,2.01536
3489,2.01539
3489,2.01553
3489,2.01554
3489,2.01574
3489,2.01576
3489,2.01583
3489,2.01603
3489,2.01607
3489,2.0161
3489,2.01612
3489,2.01615
3489,2.01624
3489,2.01632
3489,2.01645
3489,2.01648
3489,2.01657
3489,2.01666
3489,2.01679
3489,2.01684
3489,2.01691
3489,2.01692
3489,2.01696
3489,2.01697
3489,2.01698
3489,2.01698
3489,2.01715
3489,2.01733
3489,2.01737
3489,2.01746
3489,2.0175
3489,2.01754
3489,2.01763
3489,2.01777
3489,2.01785
3489,2.01797
3489,2.01798
3489,2.018
3489,2.018
3489,2.01801
3489,2.01806
3489,2.01808
3489,2.01809
3489,2.01817
3489,2.01821
3489,2.01828
3489,2.01832
3489,2.01836
3489,2.01848
3489,2.0185
3489,2.01857
3489,2.01859
3489,2.01861
3489,2.01865
3489,2.01875
3489,2.01875
3489,2.01876
3489,2.01885
3489,2.01886
3489,2.01888
3489,2.01891
3489,2.01894
3489,2.01904
3489,2.01907
3489,2.01913
3489,2.01916
3489,2.01916
3489,2.01917
3489,2.0192
3490,315.563
3490,313.956
3490,175.744
3490,104.464
3493,136.547
3493,136.088
3493,132.218
3588,58.1486
3588,58.2047
3601,29.519
3613,209.76
3620,268.487
3669,155.04
3684,0.496223
3684,0.496274
3684,0.496453
3684,0.496485
3684,0.496591
3684,0.496596
3684,0.496645
3684,0.496666
3684,0.496759
3684,0.496765
3684,0.496784
3684,0.496834
3684,0.49699
3684,0.497002
3684,0.49707
3684,0.497158
3684,0.497281
3684,0.497431
3684,0.497477
3684,0.497506
3684,0.497516
3684,0.497519
3690,129.644
3726,395.057
3726,368.7
3726,368.042
3779,43.633
3871,100.061
3871,100.061
3871,100.061
3871,100.061
3871,100.061
3871,100.061
3892,655.63
3897,150.625
3897,150.625
3897,150.625
3897,150.625
3897,150.626
3897,150.626
3897,150.626
3897,150.627
3897,150.627
3897,150.627
3897,150.628
3897,150.628
3897,150.628
3897,150.628
3897,150.628
3897,150.628
3897,150.628
3897,150.628
3897,150.628
3897,150.629
3897,150.629
3897,150.629
3897,150.629
3897,150.629
3897,150.629
3897,150.629
3897,150.629
3897,150.629
3897,150.629
3897,150.63
3897,150.63
3897,150.63
3897,150.63
3897,150.63
3897,150.63
3897,150.63
3897,150.631
3897,150.631
3897,150.631
3897,150.631
3897,150.631
3897,150.632
3897,150.632
3897,150.632
3897,150.632
3897,150.632
3897,150.632
3897,150.632
3897,150.633
3897,150.633
3897,150.633
3897,150.633
3897,150.634
3897,150.634
3897,150.634
3897,150.634
3897,150.634
3897,150.634
3897,150.635
3897,150.635
3897,150.635
3897,150.635
3897,150.636
3897,150.636
3897,150.636
3897,150.636
3897,150.636
3897,150.636
3897,150.637
3897,150.637
3897,150.637
3897,150.637
3897,150.637
3897,150.637
3897,150.637
3897,150.638
3897,150.638
3897,150.638
3897,150.638
3897,150.638
3897,150.638
3897,150.638
3897,150.638
3897,150.638
3897,150.638
3897,150.638
3897,150.639
3897,150.639
3897,150.639
3897,150.639
3897,150.639
3897,150.639
3897,150.639
3897,150.639
3897,150.64
3897,150.64
3897,150.64
3897,150.64
3897,150.64
3897,150.641
3897,150.641
3897,150.641
3897,150.641
3897,150.641
3897,150.641
3897,150.641
3897,150.641
3897,150.641
3897,150.641
3897,150.641
3897,150.641
3897,150.641
3897,150.642
3897,150.642
3897,150.642
3897,150.642
3897,150.642
3897,150.643
3897,150.643
3897,150.643
3897,150.643
3897,150.643
3897,150.643
3897,150.643
3897,150.643
3897,150.643
3897,150.644
3897,150.644
3897,150.644
3897,150.644
3897,150.644
3897,150.644
3897,150.644
3897,150.644
3897,150.644
3897,150.644
3897,150.644
3897,150.644
3897,150.645
3897,150.645
3897,150.645
3897,150.645
3897,150.645
3897,150.645
3897,150.645
3897,150.645
3897,150.646
3897,150.646
3897,150.646
3897,150.646
3897,150.646
3897,150.646
3897,150.646
3897,150.646
3897,150.646
3897,150.647
3897,150.647
3897,150.647
3897,150.647
3897,150.647
3897,150.647
3897,150.647
3897,150.647
3897,150.647
3897,150.647
3897,150.647
3897,150.647
3897,150.647
3897,150.648
3897,150.648
3897,150.648
3897,150.648
3897,150.648
3897,150.648
3897,150.648
3897,150.648
3897,150.649
3897,150.649
3897,150.649
3897,150.649
3897,150.649
3897,150.649
3897,150.649
3897,150.649
3897,150.649
3897,150.649
3897,150.649
3897,150.649
3897,150.65
3897,150.65
3897,150.65
3897,150.65
3897,150.65
3897,150.65
3897,150.65
3897,150.65
3897,150.651
3897,150.651
3897,150.651
3897,150.651
3897,150.651
3897,150.651
3897,150.651
3897,150.651
3897,150.651
3897,150.651
3897,150.651
3897,150.651
3897,150.651
3897,150.651
3897,150.652
3897,150.652
3897,150.652
3897,150.652
3897,150.652
3897,150.652
3897,150.652
3897,150.652
3897,150.652
3897,150.653
3897,150.653
3897,150.653
3897,150.653
3897,150.653
3897,150.653
3897,150.653
3897,150.653
3897,150.653
3897,150.653
3897,150.653
3897,150.653
3897,150.653
3897,150.653
3897,150.653
3897,150.653
3897,150.654
3897,150.654
3897,150.654
3897,150.654
3897,150.654
3897,150.654
3897,150.654
3897,150.654
3897,150.654
3897,150.654
3897,150.654
3897,150.654
3897,150.654
3897,150.654
3897,150.654
3951,389.273
3980,0.56475
3980,0.564798
3980,0.564835
3980,0.564843
3980,0.56492
3980,0.564991
3980,0.564997
3980,0.565246
3980,0.565334
3980,0.565405
3980,0.565447
3980,0.565638
3980,0.56574
3980,0.565864
3980,0.5661
3980,0.566358
3980,0.56648
3980,0.566635
3980,0.566744
3980,0.566813
3980,0.566863
3980,0.567087
3980,0.567095
3980,0.56725
3980,0.567426
3980,0.567472
3980,0.567507
3980,0.567565
3980,0.567644
3980,0.567859
3980,0.567864
3980,0.567876
3980,0.567898
3980,0.567942
3980,0.567948
3980,0.568068
3980,0.568107
3980,0.568112
3980,0.568116
3980,0.568172
3980,0.568182
3980,0.568215
3980,0.568233
3980,0.568392
3980,0.568421
3980,0.568486
3980,0.568489
3980,0.568612
3980,0.568663
3980,0.568714
3980,0.568751
3980,0.568774
3980,0.568774
3980,0.568792
3980,0.568828
3980,0.568859
3980,0.568866
3980,0.568869
4034,123.655
4067,485.549
4103,194.636
4103,194.636
4103,194.636
4103,194.636
4103,194.636
4103,194.636
4103,194.636
4103,194.636
4103,194.635
4103,194.635
4103,194.635
4103,194.635
4103,194.635
4103,194.635
4103,194.635
4103,194.635
4103,194.635
4103,194.635
4103,194.635
4103,194.635
4103,194.635
4103,194.635
4103,194.635
4103,194.634
4103,194.634
4103,194.634
4103,194.634
4103,194.634
4103,194.634
4103,194.634
4103,194.634
4103,194.634
4103,194.634
4103,194.634
4103,194.634
4103,194.633
4103,194.633
4103,194.633
4103,194.633
4103,194.633
4142,326.073
4142,326.073
4142,326.073
4142,326.073
4142,326.073
4142,326.073
4142,326.073
4142,326.073
4142,326.073
4142,326.073
4142,326.073
4142,326.073
4142,326.073
4142,326.073
4142,326.066
4214,0.697023
4214,0.697038
4214,0.697044
4214,0.697061
4214,0.697073
4214,0.697078
4214,0.697078
4214,0.697079
4214,0.690076
4214,0.690095
4214,0.690099
4214,0.690103
4214,0.690135
4214,0.690168
4214,0.690173
4214,0.690176
4214,0.690194
4214,0.690203
4214,0.690231
4214,0.690255
4214,0.690267
4214,0.690274
4217,192.369
4218,213.66
4261,687.773
4302,460.205
4302,460.205
4302,460.205
4302,460.205
4302,460.205
4302,460.206
4302,460.206
4302,460.206
4302,460.206
4302,460.206
4302,460.206
4302,460.206
4302,460.206
4302,460.206
4302,460.206
4302,460.206
4302,460.206
4302,460.206
4302,460.206
4302,460.206
4302,460.206
4302,460.206
4302,460.206
4302,460.206
4302,460.206
4310,0.738138
4310,0.73815
4310,0.738161
4310,0.701994
4310,0.657226
4310,0.580455
4310,0.580493
4310,0.580498
4310,0.580586
4310,0.580627
4310,0.580645
4310,0.580693
4310,0.580738
4310,0.580756
4310,0.580807
4310,0.580819
4310,0.580838
4376,8.50689
4383,310.383
4383,310.269
4383,310.166
4392,171.207
4392,171.371
4392,171.092
4405,254.549
4405,254.549
4405,254.549
4405,254.549
4405,254.549
4405,254.549
4405,254.549
4405,254.549
4405,254.55
4405,254.55
4405,254.55
4405,254.55
4405,254.55
4405,254.55
4405,254.55
4405,254.55
4405,254.55
4405,254.55
4405,254.55
4405,254.55
4405,254.55
4405,254.55
4405,254.551
4405,254.551
4405,254.551
4405,254.551
4405,254.551
4405,254.551
4405,254.551
4405,254.551
4405,254.551
4405,254.551
4405,254.551
4405,254.552
4405,254.552
4405,254.552
4405,254.552
4405,254.552
4405,254.552
4405,254.552
4405,254.552
4405,254.552
4405,254.552
4405,254.552
4405,254.553
4405,254.553
4405,254.553
4405,254.553
4405,254.553
4405,254.553
4405,254.553
4405,254.553
4405,254.553
4405,254.553
4405,254.553
4405,254.553
4405,254.553
4405,254.553
4405,254.553
4405,254.553
4405,254.553
4405,254.553
4405,254.554
4405,254.554
4405,254.554
4405,254.554
4405,254.554
4405,254.554
4419,11.4061
4420,87.4894
4473,131.221
4473,128.934
4474,61.3333
4474,61.1987
4474,60.1384
4480,61.867
4499,159.478
4550,0.435658
4550,0.435682
4550,0.435709
4550,0.435799
4550,0.435802
4550,0.435965
4550,0.436011
4550,0.436071
4550,0.436136
4550,0.436147
4550,0.436167
4550,0.436256
4550,0.436433
4550,0.436607
4550,0.436617
4550,0.436666
4550,0.436826
4550,0.436875
4550,0.436878
4550,0.43692
4550,0.436957
4550,0.436957
4550,0.436968
4550,0.437279
4550,0.437505
4550,0.437677
4550,0.437707
4550,0.437711
4550,0.437723
4550,0.437929
4550,0.438003
4550,0.438051
4550,0.43814
4550,0.438222
4550,0.438223
4550,0.438397
4550,0.438453
4550,0.438606
4550,0.438689
4550,0.438691
4550,0.438735
4550,0.438813
4550,0.43882
4550,0.438878
4550,0.438901
4550,0.439019
4550,0.439067
4550,0.439079
4550,0.439217
4550,0.439281
4550,0.439366
4550,0.439552
4550,0.439575
4550,0.439623
4550,0.439636
4550,0.439722
4550,0.43975
4550,0.439766
4550,0.439779
4550,0.439834
4550,0.439883
4550,0.439885
4550,0.440019
4550,0.440074
4550,0.440119
4550,0.440135
4550,0.440137
4550,0.440234
4550,0.440236
4550,0.4403
4550,0.440438
4550,0.440482
4550,0.440487
4550,0.440494
4550,0.440524
4550,0.440531
4550,0.440549
4550,0.440593
4550,0.440605
4550,0.440606
4550,0.440611
4558,186.855
4560,62.5459
4564,33.6154
4564,33.6154
4564,33.6154
4564,33.5864
4564,33.5658
4564,33.5658
4564,33.5658
4564,33.5658
4564,33.5658
4609,440.269
4623,234.969
4623,234.559
4623,214.804
4655,0.826994
4655,0.827002
4655,0.827003
4655,0.760273
4655,0.760287
4655,0.76034
4655,0.760377
4655,0.760386
4655,0.760387
4655,0.751152
4655,0.751162
4655,0.75119
4655,0.751336
4655,0.751372
4655,0.751431
4655,0.751455
4655,0.75148
4655,0.751501
4655,0.751526
4655,0.751544
4655,0.751596
4655,0.751659
4655,0.751717
4655,0.75172
4655,0.751757
4655,0.751785
4655,0.751792
4655,0.751806
4655,0.751821
4655,0.751829
4655,0.751834
4671,17.7055
4671,17.7056
4671,17.7057
4671,17.7057
4671,17.7057
4671,17.7058
4671,17.7059
4671,17.7059
4671,17.706
4671,17.706
4671,17.7062
4671,17.7062
4671,17.7064
4671,17.7064
4671,17.7065
4671,17.7065
4671,17.7066
4671,17.7067
4671,17.7067
4671,17.7068
4671,17.7068
4671,17.7069
4671,17.7069
4671,17.7069
4671,17.707
4671,17.7072
4671,17.7072
4671,17.7072
4671,17.7073
4671,17.7074
4671,17.7074
4671,17.7074
4671,17.7075
4671,17.7075
4671,17.7075
4671,17.7075
4671,17.7076
4671,17.7076
4671,17.7077
4671,17.7077
4671,17.7077
4671,17.7077
4694,8.9728
4694,8.97283
4694,8.97284
4694,8.97295
4694,8.97302
4694,8.97319
4694,8.97325
4694,8.97349
4694,8.97351
4694,8.97359
4694,8.97361
4694,8.97365
4694,8.97377
4694,8.97382
4694,8.97386
4694,8.97395
4694,8.97399
4694,8.97412
4694,8.97413
4694,8.97417
4694,8.9742
4694,8.97421
4694,8.97423
4694,8.97425
4694,8.97442
4694,8.97459
4694,8.9747
4694,8.97492
4694,8.97512
4694,8.97523
4694,8.97524
4694,8.97539
4694,8.9754
4694,8.97545
4694,8.97548
4694,8.97581
4694,8.97591
4694,8.97591
4694,8.97593
4694,8.97605
4694,8.97605
4694,8.97608
4694,8.97631
4694,8.97636
4694,8.97646
4694,8.97661
4694,8.97667
4694,8.97679
4694,8.97681
4694,8.97681
4694,8.97686
4694,8.97687
4694,8.97688
4694,8.97692
4694,8.97697
4694,8.97699
4694,8.97706
4694,8.9771
4694,8.97717
4694,8.97728
4694,8.9773
4694,8.97737
4694,8.9774
4694,8.97741
4694,8.97742
4694,8.97743
4694,8.97743
4694,8.97747
4694,8.97753
4694,8.97758
4694,8.97761
4694,8.97763
4694,8.9777
4694,8.97772
4694,8.97774
4694,8.97777
4694,8.97778
4694,8.97778
4694,8.9778
4694,8.9778
4694,8.97782
4725,18.4488
4733,0.418416
4733,0.418432
4733,0.418525
4733,0.418526
4733,0.418548
4733,0.418606
4733,0.418642
4733,0.418668
4733,0.418688
4733,0.418688
4733,0.418698
4785,48.2018
4785,47.0939
4950,48.4149
4957,258.17
4957,258.228
4957,258.259
4976,158.703
4976,158.703
4976,158.703
4976,158.703
4976,158.703
4976,158.703
4976,158.703
4976,158.703
4976,158.652
4976,158.652
4976,158.652
4976,158.652
4976,158.652
5098,190.237
5098,190.237
5125,138.33
5154,104.248
5156,176.661
5156,176.661
5156,176.661
5156,176.661
5156,176.661
5156,176.661
5156,176.661
5156,176.661
5156,176.662
5156,176.662
5156,176.662
5156,176.662
5156,176.662
5156,176.662
5156,176.662
5156,176.662
5156,176.662
5156,176.662
5156,176.662
5156,176.662
5156,176.662
5156,176.662
5156,176.662
5179,7.67223
5206,92.8258
5230,263.93
5230,263.93
5230,263.93
5230,263.93
5230,263.93
5230,263.93
5230,263.93
5230,263.931
5230,263.931
5230,263.931
5230,263.931
5230,263.931
5230,263.931
5230,263.931
5230,263.931
5230,263.931
5230,263.932
5230,263.932
5230,263.932
5230,263.932
5230,263.932
5230,263.932
5230,263.932
5230,263.932
5230,263.932
5230,263.932
5230,263.932
5230,263.932
5230,263.932
5230,263.933
5230,263.933
5230,263.933
5230,263.933
5230,263.933
5230,263.933
5230,263.933
5230,263.933
5230,263.933
5230,263.933
5230,263.933
5230,263.933
5230,263.933
5230,263.933
5230,263.933
5230,263.933
5230,263.934
5230,263.934
5230,263.934
5230,263.903
5230,263.904
5230,263.904
5230,263.904
5230,263.904
5230,263.904
5230,263.904
5230,263.904
5230,263.904
5230,263.904
5230,263.905
5230,263.905
5230,263.905
5230,263.905
5230,263.905
5230,263.905
5230,263.905
5230,263.905
5230,263.905
5230,263.905
5230,263.905
5230,263.905
5230,263.905
5230,263.905
5230,263.905
5230,263.906
5230,263.906
5230,263.906
5230,263.906
5230,263.906
5230,263.906
5230,263.906
5230,263.906
5230,263.907
5230,263.907
5230,263.907
5230,263.907
5230,263.907
5230,263.907
5230,263.908
5230,263.908
5230,263.908
5230,263.908
5230,263.908
5230,263.908
5230,263.909
5230,263.909
5230,263.909
5230,263.909
5230,263.909
5230,263.909
5230,263.909
5230,263.909
5230,263.909
5230,263.91
5230,263.91
5230,263.91
5230,263.91
5230,263.91
5230,263.91
5230,263.91
5230,263.91
5230,263.91
5230,263.911
5230,263.911
5230,263.911
5230,263.911
5230,263.911
5230,263.911
5230,263.911
5230,263.911
5230,263.911
5230,263.911
5230,263.911
5230,263.912
5230,263.912
5230,263.912
5230,263.912
5230,263.912
5230,263.912
5230,263.912
5230,263.912
5230,263.912
5230,263.912
5230,263.912
5230,263.912
5230,263.912
5230,263.913
5230,263.913
5230,263.913
5230,263.913
5230,263.913
5230,263.913
5230,263.913
5230,263.913
5230,263.913
5230,263.913
5230,263.913
5230,263.914
5230,263.914
5230,263.914
5230,263.914
5230,263.914
5230,263.914
5230,263.914
5230,263.914
5230,263.914
5230,263.914
5230,263.914
5230,263.914
5230,263.914
5230,263.914
5230,263.915
5230,263.915
5230,263.915
5230,263.915
5230,263.915
5230,263.915
5230,263.915
5230,263.915
5230,263.915
5230,263.915
5230,263.915
5230,263.915
5230,263.915
5230,263.915
5246,242.595
5274,15.8117
5287,69.3701
5288,172.707
5288,172.236
5311,35.4571
5311,35.4571
5311,35.4571
5311,35.4571
5311,35.4571
5311,35.4571
5382,14.304
5382,14.3041
5382,14.3042
5382,14.3042
5382,14.3042
5382,14.3042
5382,14.3042
5382,14.3042
5382,14.3042
5382,14.3042
5382,14.3042
5382,14.3042
5398,576.067
5413,0.855865
5413,0.855868
5413,0.855977
5413,0.856007
5413,0.856011
5413,0.856075
5413,0.856129
5413,0.856211
5413,0.856232
5413,0.856331
5413,0.856376
5413,0.856396
5413,0.856415
5413,0.856495
5413,0.856579
5413,0.856602
5413,0.856633
5413,0.856662
5413,0.856691
5413,0.856714
5413,0.856722
5413,0.457373
5413,0.457399
5413,0.457431
5413,0.45755
5413,0.457552
5413,0.457573
5413,0.457579
5413,0.457581
5413,0.457591
5413,0.457606
5413,0.457645
5413,0.457689
5413,0.457851
5413,0.458065
5413,0.458113
5413,0.458155
5413,0.45817
5413,0.458206
5413,0.458262
5413,0.458326
5413,0.458528
5413,0.458724
5413,0.458775
5413,0.458868
5413,0.458982
5413,0.459122
5413,0.459135
5413,0.459231
5413,0.45937
5413,0.459508
5413,0.45967
5413,0.459682
5413,0.459844
5413,0.459867
5413,0.459941
5413,0.459989
5413,0.459995
5413,0.460092
5413,0.460219
5413,0.460392
5413,0.460532
5413,0.460543
5413,0.460679
5413,0.460687
5413,0.460798
5413,0.460879
5413,0.460885
5413,0.461128
5413,0.461283
5413,0.461347
5413,0.461362
5413,0.46139
5413,0.461494
5413,0.461529
5413,0.461593
5413,0.461615
5413,0.461647
5413,0.461659
5413,0.461705
5413,0.461731
5413,0.461795
5413,0.461842
5413,0.461895
5413,0.461911
5413,0.461925
5413,0.461969
5413,0.46197
5413,0.462025
5413,0.462137
5413,0.462181
5413,0.46227
5413,0.46229
5413,0.462294
5413,0.462358
5413,0.462359
5413,0.462372
5413,0.462394
5413,0.462429
5413,0.462444
5413,0.462463
5448,496.682
5473,464.293
5473,464.267
5473,464.267
5473,464.267
5473,464.267
5473,464.267
5473,464.267
5473,464.267
5473,464.267
5473,464.267
5474,265.43
5477,260.506
5477,260.122
5477,259.642
5477,258.692
5528,214.548
5528,214.548
5528,214.548
5528,213.681
5528,213.681
5528,213.681
5528,213.681
5528,213.681
5528,213.63
5528,213.63
5528,213.63
5528,213.63
5528,213.63
5528,213.63
5528,213.63
5528,213.63
5528,213.63
5528,213.63
5528,213.63
5528,213.63
5528,213.631
5528,213.631
5528,213.631
5528,213.631
5528,213.631
5528,213.631
5567,1123.25
5567,1123.19
5601,173.792
5601,173.792
5601,173.792
5601,173.792
5665,39.2928
5705,57.9372
5705,57.7103
5705,57.2938
5707,148.65
5707,138.88
5726,141.806
5726,141.806
5726,141.806
5726,141.762
5726,141.762
5726,141.762
5726,141.762
5726,141.762
5726,141.762
5726,141.762
5726,141.762
5726,141.762
5726,141.762
5726,141.762
5726,141.762
5726,141.762
5726,141.762
5726,141.762
5726,141.762
5726,141.762
5726,141.762
5801,390.811
5801,390.477
5847,407.711
5868,202.072
5868,199.792
5868,197.986
5923,1021.42
5939,115.644
5952,0.648533
5965,162.162
5965,162.034
6011,259.814
6011,259.814
6011,259.814
6011,259.814
6011,259.814
6011,259.815
6011,259.815
6011,259.815
6011,259.815
6011,259.815
6011,259.815
6011,259.815
6011,259.815
6011,259.815
6011,259.815
6011,259.815
6011,259.815
6011,259.815
6027,459.424
6076,137.433
6076,134.473
6143,14.5481
6213,67.9298
6213,67.9298
6247,71.0602
6275,316.375
6275,316.609
6275,316.721
6275,316.722
6275,316.748
6275,316.451
6275,316.473
6275,316.352
6275,316.368
6275,316.384
6277,323.008
6309,175.488
6360,713.65
6380,6.59573
6380,6.59578
6380,6.59581
6380,6.59585
6380,6.59596
6380,6.5961
6380,6.59612
6380,6.59613
6380,6.59617
6380,6.59624
6380,6.59635
6380,6.59646
6380,6.5965
6380,6.59652
6380,6.59654
6380,6.59666
6380,6.59671
6380,6.59674
6380,6.59676
6380,6.59708
6380,6.59714
6380,6.59716
6380,6.59732
6380,6.59735
6380,6.59738
6380,6.59738
6380,6.59747
6380,6.59748
6380,6.59778
6380,6.59782
6380,6.59787
6380,6.59804
6380,6.59808
6380,6.59829
6380,6.59832
6380,6.59838
6380,6.59855
6380,6.59856
6380,6.59858
6380,6.59867
6380,6.59871
6380,6.59872
6380,6.5988
6380,6.5989
6380,6.59892
6380,6.599
6380,6.59902
6380,6.59911
6380,6.59913
6380,6.59919
6380,6.5992
6380,6.59929
6380,6.59935
6380,6.59947
6380,6.59952
6380,6.59952
6380,6.59968
6380,6.59969
6380,6.59984
6380,6.59989
6380,6.59991
6380,6.60002
6380,6.60004
6380,6.60008
6380,6.60015
6380,6.60021
6380,6.60022
6380,6.60029
6380,6.60032
6380,6.60033
6380,6.60034
6380,6.60035
6380,6.61705
6380,6.61705
6380,6.61705
6380,6.61706
6380,6.61706
6380,6.61706
6380,6.61706
6380,6.61706
6380,6.61707
6380,6.61707
6380,6.61707
6380,6.61707
6380,6.61707
6380,6.61708
6380,6.61708
6421,59.6193
6421,59.1461
6449,127.762
6481,0.601427
6481,0.60147
6481,0.601498
6481,0.6015
6481,0.601519
6481,0.601534
6481,0.471697
6481,0.472004
6481,0.472095
6481,0.472107
6481,0.47211
6481,0.472419
6481,0.472507
6481,0.472564
6481,0.472573
6481,0.472748
6481,0.472821
6481,0.472847
6481,0.472899
6481,0.472992
6481,0.47313
6481,0.473136
6481,0.473223
6481,0.473274
6481,0.473283
6481,0.473345
6481,0.473416
6481,0.473562
6481,0.473642
6481,0.473669
6481,0.473715
6481,0.473857
6481,0.473869
6481,0.473993
6481,0.474052
6481,0.474102
6481,0.474289
6481,0.474321
6481,0.474345
6481,0.47456
6481,0.474562
6481,0.474567
6481,0.474796
6481,0.474796
6481,0.474834
6481,0.474901
6481,0.474939
6481,0.475082
6481,0.475394
6481,0.475465
6481,0.475758
6481,0.475812
6481,0.47587
6481,0.475903
6481,0.475952
6481,0.475986
6481,0.476021
6481,0.476128
6481,0.476144
6481,0.476167
6481,0.476184
6481,0.476212
6481,0.476312
6481,0.476444
6481,0.476467
6481,0.476485
6481,0.47657
6481,0.476803
6481,0.476864
6481,0.476929
6481,0.476948
6481,0.476961
6481,0.476973
6481,0.476981
6481,0.477004
6481,0.477006
6481,0.477027
6481,0.477051
6481,0.477091
6481,0.47716
6481,0.477206
6481,0.477209
6481,0.477233
6481,0.477289
6481,0.477319
6481,0.477378
6481,0.477436
6481,0.477457
6481,0.477494
6481,0.477504
6481,0.477506
6481,0.477559
6481,0.477602
6486,470.481
6486,470.481
6486,470.481
6486,470.481
6486,470.481
6486,470.482
6486,470.482
6486,470.482
6486,470.482
6486,470.482
6486,470.482
6486,470.482
6486,470.482
6486,470.482
6486,470.482
6486,470.482
6486,470.482
6486,470.482
6486,470.482
6486,470.482
6563,27.5089
6563,25.8851
6570,26.4674
6575,18.1172
6617,289.281
6662,678.951
6711,327.186
6711,327.186
6711,327.186
6711,327.186
6711,327.186
6711,327.187
6711,327.187
6711,327.187
6711,327.187
6711,327.187
6711,327.187
6711,327.187
6711,327.187
6711,327.187
6711,327.187
6711,327.188
6711,327.188
6711,327.188
6711,327.188
6711,327.188
6711,327.188
6711,327.188
6711,327.188
6711,327.188
6711,327.188
6711,327.188
6711,327.188
6711,327.188
6711,327.188
6711,327.188
6711,327.188
6711,327.188
6711,327.188
6711,327.188
6711,327.188
6711,327.189
6711,327.189
6711,327.189
6711,327.189
6711,327.189
6711,327.189
6711,327.189
6711,327.189
6711,327.189
6711,327.189
6711,327.189
6711,327.189
6711,327.19
6711,327.19
6711,327.19
6711,327.19
6711,327.19
6711,327.19
6711,327.19
6711,327.19
6711,327.19
6711,327.191
6711,327.191
6711,327.191
6711,327.191
6711,327.191
6711,327.191
6711,327.191
6711,327.191
6711,327.191
6711,327.192
6711,327.192
6711,327.192
6711,327.192
6711,327.192
6711,327.192
6711,327.192
6711,327.192
6711,327.192
6711,327.192
6711,327.192
6711,327.192
6711,327.192
6711,327.192
6711,327.192
6711,327.192
6711,327.193
6711,327.193
6711,327.193
6711,327.193
6711,327.193
6711,327.193
6711,327.193
6711,327.193
6711,327.193
6711,327.193
6711,327.193
6711,327.193
6711,327.194
6711,327.194
6711,327.194
6711,327.194
6711,327.194
6711,327.194
6711,327.194
6711,327.194
6711,327.194
6711,327.194
6711,327.194
6711,327.194
6711,327.194
6711,327.194
6711,327.194
6711,327.195
6711,327.195
6711,327.195
6711,327.195
6711,327.195
6711,327.195
6711,327.195
6711,327.195
6711,327.195
6711,327.195
6711,327.195
6711,327.195
6711,327.195
6711,327.195
6711,327.195
6711,327.196
6711,327.196
6711,327.196
6711,327.196
6711,327.196
6711,327.196
6711,327.196
6711,327.196
6711,327.196
6711,327.196
6711,327.196
6711,327.196
6711,327.196
6711,327.196
6711,327.196
6711,327.196
6762,106.729
6829,64.1182
6866,499.77
6866,499.77
6866,499.771
6866,499.771
6866,499.771
6866,499.771
6866,499.771
6866,499.771
6866,499.771
6866,499.771
6866,499.771
6866,499.771
6866,499.771
6866,499.771
6866,499.772
6866,499.772
6866,499.772
6866,499.772
6866,499.772
6866,499.772
6866,499.772
6866,499.772
6866,499.772
6866,499.773
6866,499.773
6866,499.773
6866,499.773
6866,499.773
6866,499.773
6866,499.773
6866,499.773
6866,499.773
6866,499.773
6866,499.773
6866,499.773
6866,499.773
6866,499.773
6866,499.773
6866,499.773
6866,499.773
6866,499.773
6866,499.773
6866,499.774
6866,499.774
6866,499.774
6866,499.774
6866,499.774
6866,499.774
6866,499.774
6866,499.775
6866,499.775
6866,499.775
6866,499.775
6866,499.775
6866,499.775
6866,499.775
6866,499.776
6866,499.776
6866,499.776
6866,499.776
6866,499.776
6866,499.776
6866,499.776
6866,499.776
6866,499.776
6866,499.776
6866,499.776
6866,499.776
6866,499.776
6866,499.777
6866,499.777
6866,499.777
6866,499.777
6866,499.777
6866,499.777
6866,499.777
6866,499.777
6866,499.777
6866,499.777
6866,499.777
6866,499.777
6866,499.777
6866,499.777
6866,499.777
6866,499.778
6866,499.778
6866,499.778
6866,499.778
6866,499.778
6866,499.778
6866,499.778
6866,499.778
6866,499.778
6866,499.778
6866,499.778
6866,499.778
6866,499.779
6866,499.779
6866,499.779
6866,499.779
6866,499.779
6866,499.779
6866,499.779
6866,499.779
6866,499.779
6866,499.779
6866,499.779
6866,499.78
6866,499.78
6866,499.78
6866,499.78
6866,499.78
6866,499.78
6866,499.78
6866,499.78
6866,499.78
6866,499.78
6866,499.78
6866,499.78
6866,499.78
6866,499.781
6866,499.781
6866,499.781
6866,499.781
6866,499.781
6866,499.781
6866,499.781
6866,499.781
6866,499.781
6866,499.781
6866,499.781
6866,499.781
6866,499.781
6866,499.781
6866,499.781
6866,499.782
6866,499.782
6866,499.782
6866,499.782
6866,499.782
6866,499.782
6866,499.782
6866,499.782
6866,499.782
6866,499.782
6866,499.782
6866,499.783
6866,499.783
6866,499.783
6866,499.783
6866,499.783
6866,499.783
6866,499.783
6866,499.783
6866,499.783
6866,499.783
6866,499.783
6866,499.783
6866,499.783
6866,499.783
6866,499.783
6866,499.783
6866,499.783
6866,499.783
6866,499.783
6866,499.784
6866,499.784
6866,499.784
6866,499.784
6866,499.784
6866,499.784
6866,499.784
6866,499.784
6878,8.65582
6878,8.65584
6878,8.65586
6878,8.65593
6878,8.65596
6878,8.65602
6878,8.65608
6878,8.65608
6878,8.65609
6878,8.6561
6878,8.65614
6878,8.65615
6878,8.6562
6878,8.65621
6878,8.65622
6878,8.65622
6878,8.65624
6878,8.65626
6878,8.65627
6878,8.65628
6878,8.65629
6878,8.65631
6878,8.65633
6878,8.62338
6878,8.62353
6878,8.62364
6878,8.62375
6878,8.62376
6878,8.62377
6878,8.62389
6878,8.62392
6878,8.62392
6878,8.62394
6878,8.62396
6878,8.62408
6878,8.6241
6878,8.62416
6878,8.6242
6878,8.62421
6878,8.62421
6878,8.62427
6878,8.62438
6878,8.62438
6878,8.62438
6878,8.62442
6878,8.62443
6878,8.62444
6878,8.62446
6878,8.6245
6878,8.62451
6878,8.62452
6878,8.62456
6878,8.6246
6878,8.62461
6878,8.62463
6878,8.62464
6878,8.62468
6951,182.604
6951,182.604
6951,182.604
6951,182.604
6951,182.604
6951,182.604
6951,182.604
6951,182.604
6951,182.604
6951,182.605
6951,182.605
6951,182.605
6951,182.605
6951,182.605
6951,182.605
6951,182.605
6951,182.605
6951,182.605
6951,182.605
6951,182.605
6951,182.605
6951,182.606
6951,182.606
6951,182.606
6951,182.606
6951,182.606
6951,182.606
6951,182.606
6951,182.606
6951,182.606
6951,182.606
6951,182.606
6951,182.606
6951,182.606
6951,182.606
6951,182.606
6951,182.607
6951,182.607
6951,182.607
6951,182.607
6951,182.607
6951,182.607
6951,182.607
6951,182.607
6987,11.4521
6987,11.4521
6987,11.4521
6987,11.4521
6987,11.4521
6987,11.4522
6987,11.4522
6987,11.4522
6987,11.4522
6987,11.3852
6987,11.3852
6987,11.3853
6987,11.3853
6987,11.3853
6987,11.3853
6987,11.3853
7033,374.29
7048,373.893
7048,373.893
7048,373.893
7048,373.893
7048,373.893
7048,373.893
7048,373.893
7048,373.893
7048,373.893
7048,373.893
7048,373.894
7048,373.894
7048,373.894
7048,373.894
7048,373.894
7048,373.894
7048,373.894
7048,373.894
7048,373.894
7048,373.894
7048,373.895
7048,373.895
7048,373.895
7048,373.895
7048,373.895
7048,373.895
7048,373.895
7048,373.895
7048,373.895
7048,373.895
7048,373.895
7048,373.895
7048,373.895
7048,373.895
7048,373.895
7048,373.895
7048,373.895
7048,373.895
7048,373.895
7048,373.895
7048,373.895
7048,373.895
7048,373.895
7048,373.895
7067,225.774
7084,210.264
7088,46.0511
7088,46.0512
7088,46.0512
7088,46.0512
7088,46.0512
7088,46.0513
7088,46.0513
7088,46.0514
7088,46.0514
7088,46.0514
7088,46.0514
7088,46.0515
7088,46.0515
7088,46.0515
7207,109.275
7207,109.275
7207,109.273
7207,109.273
7207,109.273
7207,109.273
7207,109.273
7207,109.273
7207,109.274
7207,109.274
7207,109.274
7207,109.274
7207,109.274
7207,109.274
7207,109.274
7207,109.274
7207,109.274
7207,109.274
7207,109.274
7207,109.274
7207,109.274
7207,109.274
7207,109.274
7207,109.274
7207,109.274
7207,109.275
7207,109.275
7207,109.275
7207,109.275
7207,109.275
7207,109.275
7207,109.275
7207,109.275
7207,109.275
7207,109.275
7207,109.275
7207,109.275
7207,109.275
7207,109.275
7207,109.276
7207,109.276
7207,109.276
7207,109.276
7207,109.276
7207,109.276
7207,109.276
7207,109.276
7207,109.276
7207,109.276
7207,109.276
7207,109.276
7207,109.276
7207,109.276
7207,109.276
7207,109.276
7207,109.276
7207,109.276
7207,109.276
7328,449.979
7328,449.979
7328,449.979
7328,449.979
7328,449.979
7328,449.979
7328,449.979
7328,449.979
7328,449.979
7328,449.979
7328,449.979
7328,449.979
7328,449.979
7328,449.98
7328,449.98
7328,449.98
7328,449.98
7328,449.98
7328,449.98
7328,449.98
7328,449.98
7328,449.98
7328,449.98
7328,449.98
7328,449.98
7335,146.338
7335,146.338
7335,146.338
7376,207.182
7376,207.182
7376,207.182
7376,207.182
7376,207.182
7376,207.182
7376,207.182
7376,207.182
7376,207.182
7376,207.182
7376,207.183
7376,207.183
7376,207.183
7376,207.183
7376,207.183
7376,207.183
7376,207.183
7376,207.183
7376,207.184
7376,207.184
7376,207.184
7376,207.184
7376,207.184
7376,207.184
7376,207.184
7376,207.184
7376,207.184
7376,207.184
7376,207.184
7376,207.184
7376,207.184
7376,207.184
7376,207.185
7376,207.185
7376,207.185
7376,207.185
7376,207.185
7376,207.185
7376,207.185
7376,207.185
7376,207.185
7376,207.185
7376,207.185
7376,207.185
7376,207.185
7376,207.185
7376,207.185
7376,207.186
7376,207.186
7376,207.186
7376,207.186
7376,207.186
7376,207.186
7376,207.186
7376,207.186
7376,207.186
7376,207.186
7376,207.186
7376,207.186
7376,207.187
7376,207.187
7376,207.187
7376,207.187
7376,207.188
7376,207.188
7376,207.188
7376,207.188
7376,207.188
7376,207.188
7376,207.188
7376,207.188
7376,207.188
7376,207.188
7376,207.188
7376,207.188
7376,207.188
7376,207.188
7376,207.188
7376,207.188
7376,207.189
7376,207.189
7376,207.189
7376,207.189
7376,207.189
7376,207.19
7376,207.19
7376,207.19
7376,207.19
7376,207.19
7376,207.19
7376,207.19
7376,207.19
7376,207.191
7376,207.191
7376,207.191
7376,207.191
7376,207.191
7376,207.191
7376,207.191
7376,207.191
7376,207.191
7376,207.191
7376,207.192
7376,207.192
7376,207.192
7376,207.192
7376,207.192
7376,207.192
7376,207.192
7376,207.192
7376,207.192
7376,207.193
7376,207.193
7376,207.193
7376,207.193
7376,207.193
7376,207.193
7376,207.193
7376,207.193
7376,207.193
7376,207.193
7376,207.193
7376,207.193
7376,207.193
7376,207.193
7376,207.193
7376,207.193
7376,207.193
7376,207.193
7376,207.193
7378,130.159
7378,130.159
7378,130.159
7378,130.159
7378,130.159
7378,130.159
7378,130.159
7378,130.159
7378,130.159
7378,130.159
7381,69.601
7403,28.5528
7403,28.5528
7403,28.5529
7403,28.5529
7403,28.5529
7403,28.5529
7403,28.553
7403,28.5531
7403,28.5531
7403,28.5531
7403,28.5531
7403,28.5532
7403,28.5532
7403,28.5532
7403,28.5533
7403,28.5533
7403,28.5534
7403,28.5534
7403,28.5534
7403,28.5534
7403,28.5534
7403,28.5534
7403,28.5535
7403,28.5535
7404,242.243
7404,241.923
7404,241.511
7429,147.143
7447,57.8897
7447,56.1369
7447,54.8751
7469,170.619
7469,170.385
7498,187.909
7498,187.909
7498,187.909
7498,187.909
7498,187.909
7498,187.91
7498,187.91
7498,187.91
7509,204.515
7596,853.422
7596,853.421
7596,853.421
7596,853.421
7596,853.421
7596,853.421
7596,853.421
7596,853.421
7596,853.421
7596,853.421
7596,853.421
7596,853.421
7596,853.421
7596,853.421
7596,853.421
7596,853.421
7596,853.421
7596,853.421
7605,356.605
7637,180.881
7637,180.881
7637,180.881
7637,180.881
7637,180.881
7637,180.881
7637,180.881
7637,180.881
7637,180.881
7637,180.881
7637,180.881
7637,180.881
7637,180.881
7637,180.881
7637,180.881
7637,180.881
7637,180.882
7637,180.882
7637,180.882
7637,180.882
7637,180.882
7637,180.882
7637,180.882
7637,180.882
7637,180.882
7637,180.882
7637,180.882
7637,180.882
7637,180.882
7637,180.882
7637,180.882
7637,180.883
7637,180.883
7637,180.883
7637,180.883
7637,180.883
7637,180.883
7637,180.883
7637,180.883
7637,180.883
7637,180.883
7637,180.883
7637,180.883
7637,180.883
7637,180.884
7637,180.884
7637,180.884
7637,180.884
7637,180.884
7637,180.884
7637,180.884
7637,180.884
7637,180.884
7637,180.884
7637,180.884
7637,180.884
7637,180.884
7637,180.884
7637,180.884
7637,180.884
7637,180.885
7637,180.885
7637,180.885
7637,180.885
7637,180.885
7637,180.885
7637,180.885
7637,180.885
7637,180.885
7637,180.885
7637,180.885
7637,180.885
7637,180.885
7637,180.885
7637,180.885
7637,180.885
7637,180.885
7637,180.885
7637,180.885
7637,180.885
7637,180.885
7637,180.885
7637,180.885
7637,180.886
7637,180.886
7637,180.886
7693,182.304
7693,182.304
7693,182.304
7698,68.651
7698,66.8441
7698,65.5727
7728,584.115
7728,584.115
7728,584.115
7728,584.115
7728,584.115
7728,584.115
7728,584.116
7728,584.116
7728,584.116
7728,584.116
7728,584.116
7728,584.116
7728,584.116
7728,584.116
7728,584.116
7728,584.116
7728,584.116
7728,584.116
7728,584.117
7728,584.117
7728,584.117
7728,584.117
7728,584.117
7728,584.117
7728,584.117
7728,584.117
7728,584.117
7728,584.118
7728,584.118
7728,584.118
7728,584.118
7728,584.118
7728,584.118
7728,584.118
7728,584.118
7728,584.118
7728,584.118
7728,584.119
7728,584.119
7728,584.119
7728,584.119
7728,584.119
7728,584.119
7728,584.119
7728,584.119
7728,584.12
7728,584.12
7728,584.12
7728,584.12
7728,584.12
7728,584.12
7728,584.12
7728,584.12
7728,584.12
7728,584.121
7728,584.121
7728,584.121
7728,584.121
7728,584.121
7728,584.121
7728,584.121
7728,584.122
7728,584.122
7728,584.122
7728,584.122
7728,584.122
7728,584.122
7728,584.122
7728,584.123
7728,584.123
7728,584.123
7728,584.123
7728,584.123
7728,584.123
7728,584.123
7728,584.123
7728,584.123
7728,584.123
7728,584.124
7728,584.124
7728,584.124
7728,584.124
7728,584.124
7728,584.124
7728,584.124
7728,584.124
7728,584.124
7728,584.124
7728,584.125
7728,584.125
7728,584.125
7728,584.125
7728,584.125
7728,584.125
7728,584.126
7728,584.126
7728,584.126
7728,584.126
7728,584.126
7728,584.126
7728,584.126
7728,584.126
7728,584.126
7728,584.126
7728,584.126
7728,584.127
7728,584.127
7728,584.127
7728,584.127
7728,584.127
7728,584.127
7728,584.127
7728,584.127
7728,584.128
7728,584.128
7728,584.128
7728,584.128
7728,584.128
7728,584.128
7728,584.128
7728,584.128
7728,584.128
7728,584.129
7728,584.129
7728,584.129
7728,584.129
7728,584.129
7728,584.129
7728,584.129
7728,584.129
7728,584.129
7728,584.129
7728,584.129
7728,584.129
7728,584.129
7728,584.129
7728,584.129
7728,584.129
7728,584.13
7728,584.13
7728,584.13
7728,584.13
7728,584.13
7728,584.13
7728,584.13
7728,584.13
7728,584.131
7728,584.131
7728,584.131
7728,584.131
7728,584.131
7728,584.131
7728,584.131
7728,584.131
7728,584.131
7728,584.131
7728,584.132
7728,584.132
7728,584.132
7728,584.132
7728,584.132
7728,584.132
7728,584.132
7728,584.132
7728,584.132
7728,584.132
7728,584.132
7728,584.132
7728,584.132
7728,584.132
7728,584.132
7728,584.133
7728,584.133
7728,584.133
7728,584.133
7728,584.133
7728,584.133
7728,584.133
7728,584.133
7728,584.133
7728,584.133
7728,584.133
7728,584.133
7728,584.134
7728,584.134
7728,584.134
7728,584.134
7728,584.134
7728,584.134
7728,584.134
7728,584.134
7728,584.134
7728,584.134
7728,584.135
7728,584.135
7728,584.135
7728,584.135
7728,584.135
7728,584.135
7728,584.135
7728,584.135
7728,584.135
7728,584.135
7728,584.135
7728,584.135
7728,584.136
7728,584.136
7728,584.136
7728,584.136
7728,584.136
7728,584.136
7728,584.136
7728,584.136
7728,584.136
7728,584.136
7728,584.136
7728,584.136
7728,584.136
7728,584.136
7728,584.137
7728,584.137
7728,584.137
7728,584.137
7728,584.137
7728,584.137
7728,584.137
7728,584.137
7728,584.137
7728,584.137
7728,584.137
7728,584.137
7728,584.137
7728,584.137
7728,584.115
7728,584.115
7728,584.115
7728,584.115
7728,584.115
7728,584.115
7728,584.116
7728,584.116
7728,584.116
7728,584.116
7728,584.116
7728,584.116
7728,584.116
7728,584.116
7728,584.116
7728,584.116
7728,584.117
7728,584.117
7728,584.117
7728,584.117
7728,584.117
7728,584.117
7728,584.117
7728,584.117
7728,584.117
7728,584.117
7728,584.117
7728,584.118
7728,584.118
7728,584.118
7728,584.118
7728,584.118
7728,584.118
7728,584.118
7728,584.118
7728,584.118
7728,584.118
7728,584.118
7728,584.118
7728,584.118
7728,584.118
7728,584.118
7728,584.118
7728,584.118
7728,584.118
7728,584.118
7728,584.118
7728,584.119
7728,584.119
7728,584.119
7728,584.119
7728,584.119
7728,584.119
7728,584.119
7728,584.119
7728,584.119
7728,584.119
7728,584.119
7728,584.119
7728,584.12
7728,584.12
7728,584.12
7728,584.12
7728,584.12
7728,584.12
7728,584.12
7728,584.12
7728,584.12
7728,584.12
7728,584.12
7728,584.12
7728,584.12
7728,584.121
7728,584.121
7728,584.121
7728,584.121
7728,584.121
7728,584.121
7728,584.121
7756,0.420919
7756,0.420944
7756,0.420991
7756,0.421005
7756,0.421076
7756,0.421096
7756,0.421106
7756,0.421134
7756,0.421149
7881,278.195
7881,232.885
7881,231.987
7881,231.654
7907,20.1751
7907,20.1752
7907,20.1753
7907,20.1754
7907,20.1756
7907,20.1758
7907,20.1759
7907,20.1759
7907,20.176
7907,20.1763
7907,20.1763
7907,20.1763
7907,20.1764
7907,20.1764
7907,20.1767
7907,20.1769
7907,20.177
7907,20.1771
7907,20.1773
7907,20.1773
7907,20.1773
7907,20.1773
7907,20.1776
7907,20.1776
7907,20.1776
7907,20.1778
7907,20.1779
7907,20.1779
7907,20.178
7907,20.178
7907,20.1781
7907,20.1781
7907,20.1782
7907,20.1787
7907,20.1788
7907,20.179
7907,20.179
7907,20.1791
7907,20.1791
7907,20.1791
7907,20.1791
7907,20.1797
7907,20.1798
7907,20.18
7907,20.1802
7907,20.1802
7907,20.1803
7907,20.1803
7907,20.1804
7907,20.1804
7907,20.1804
7907,20.1805
7907,20.1805
7907,20.1805
7907,20.1806
7907,20.1807
7907,20.1807
7907,20.1808
7907,20.1813
7907,20.1814
7907,20.1815
7907,20.1817
7907,20.1818
7907,20.182
7907,20.1822
7907,20.1822
7907,20.1823
7907,20.1824
7907,20.1826
7907,20.1826
7907,20.1827
7907,20.1827
7907,20.1829
7907,20.183
7907,20.1831
7907,20.1831
7907,20.1832
7907,20.1832
7907,20.1833
7907,20.1833
7907,20.1833
7907,20.1834
7907,20.1834
7907,20.1835
7907,20.1835
7907,20.1836
7907,20.1837
7907,20.1837
7907,20.184
7907,20.1841
7907,20.1841
7907,20.1841
7907,20.1843
7907,20.1845
7907,20.1845
7907,20.1847
7907,20.1849
7907,20.1849
7907,20.185
7907,20.185
7907,20.185
7907,20.1851
7907,20.1852
7907,20.1853
7907,20.1855
7907,20.1855
7907,20.1857
7907,20.1858
7907,20.1858
7907,20.1859
7907,20.186
7907,20.186
7907,20.186
7907,20.1861
7907,20.1861
7907,20.1862
7907,20.1863
7907,20.1864
7907,20.1865
7907,20.1866
7907,20.1866
7907,20.1868
7907,20.1869
7907,20.187
7907,20.187
7907,20.1872
7907,20.1872
7907,20.1873
7907,20.1873
7907,20.1874
7907,20.1874
7907,20.1875
7907,20.1875
7907,20.1876
7907,20.1877
7907,20.1877
7907,20.1878
7907,20.1879
7907,20.1879
7907,20.1879
7907,20.188
7907,20.188
7907,20.188
7907,20.1882
7907,20.1882
7907,20.1883
7907,20.1883
7907,20.1883
7907,20.1884
7907,20.1884
7907,20.1885
7907,20.1885
7907,20.1885
7907,20.1886
7907,20.1886
7907,20.1887
7907,20.1887
7907,20.1887
7907,20.1887
7907,20.1888
7907,20.1889
7907,20.1889
7907,20.189
7907,20.189
7907,20.189
7907,20.189
7907,20.189
7907,20.1891
7907,20.1891
7907,20.1891
7907,20.1891
7907,20.1891
7907,20.1891
7907,20.175
7907,20.1755
7907,20.1757
7907,20.1757
7907,20.1758
7907,20.1761
7907,20.1762
7907,20.1763
7907,20.1764
7907,20.1765
7907,20.1767
7907,20.1768
7907,20.1768
7907,20.1769
7907,20.1771
7907,20.1773
7907,20.1774
7907,20.1775
7907,20.1775
7907,20.1775
7907,20.1775
7907,20.1776
7907,20.1776
7907,20.1777
7907,20.1779
7907,20.178
7907,20.1781
7907,20.1782
7907,20.1782
7907,20.1782
7907,20.1783
7907,20.1783
7907,20.1783
7907,20.1783
7907,20.1786
7907,20.1787
7907,20.1788
7907,20.1789
7907,20.179
7907,20.1791
7907,20.1791
7907,20.1792
7907,20.1792
7907,20.1793
7907,20.1794
7907,20.1795
7907,20.1798
7907,20.1799
7907,20.18
7907,20.18
7907,20.1801
7907,20.1801
7907,20.1802
7907,20.1804
7907,20.1804
7907,20.1804
7907,20.1806
7907,20.1807
7907,20.1807
7907,20.1809
7907,20.1809
7907,20.181
7907,20.1811
7907,20.1811
7907,20.1815
7907,20.1816
7907,20.1819
7907,20.1821
7907,20.1821
7907,20.1822
7907,20.1822
7907,20.1823
7907,20.1823
7907,20.1823
7907,20.1824
7907,20.1824
7907,20.1824
7907,20.1825
7907,20.1826
7907,20.1827
7907,20.1829
7907,20.1829
7907,20.1829
7907,20.1832
7907,20.1833
7907,20.1833
7907,20.1833
7907,20.1833
7907,20.1835
7907,20.1835
7907,20.1837
7907,20.1837
7907,20.1838
7907,20.1838
7907,20.1838
7907,20.1838
7907,20.1839
7907,20.1839
7907,20.1839
7907,20.1839
7907,20.1839
7907,20.1839
8082,562.146
8097,377.555
8160,240.41
8168,147.736
8178,368.876
8178,368.876
8178,368.876
8178,368.876
8178,368.876
8178,368.876
8178,368.875
8178,368.875
8178,368.875
8178,368.875
8178,368.875
8178,368.875
8178,368.875
8178,368.875
8178,368.875
8178,368.875
8178,368.875
8178,368.875
8192,289.549
8219,25.4328
8223,83.6319
8223,83.6321
8223,83.6322
8223,83.6323
8223,83.6326
8223,83.6326
8223,83.6326
8223,83.633
8223,83.6331
8223,83.6331
8223,83.6331
8223,83.6333
8223,83.6338
8223,83.6338
8223,83.6339
8223,83.6344
8223,83.6344
8223,83.6344
8223,83.6346
8223,83.6348
8223,83.6349
8223,83.635
8223,83.635
8223,83.6351
8223,83.6353
8223,83.6358
8223,83.6358
8223,83.6359
8223,83.636
8223,83.636
8223,83.6361
8223,83.6364
8223,83.6368
8223,83.637
8223,83.637
8223,83.6374
8223,83.6377
8223,83.6378
8223,83.6379
8223,83.638
8223,83.638
8223,83.6381
8223,83.6381
8223,83.6381
8223,83.6382
8223,83.6382
8223,83.6383
8223,83.6385
8223,83.6387
8223,83.6388
8223,83.6391
8223,83.6395
8223,83.6396
8223,83.6397
8223,83.6398
8223,83.6398
8223,83.6402
8223,83.6402
8223,83.6406
8223,83.6407
8223,83.6407
8223,83.6409
8223,83.6411
8223,83.6414
8223,83.6415
8223,83.6415
8223,83.6415
8223,83.6417
8223,83.6418
8223,83.6418
8223,83.6418
8223,83.6419
8223,83.6423
8223,83.6423
8223,83.6424
8223,83.6425
8223,83.6427
8223,83.6428
8223,83.643
8223,83.6431
8223,83.6431
8223,83.6433
8223,83.6433
8223,83.6434
8223,83.6437
8223,83.6438
8223,83.644
8223,83.644
8223,83.6442
8223,83.6443
8223,83.6446
8223,83.6447
8223,83.6448
8223,83.6449
8223,83.645
8223,83.6454
8223,83.6454
8223,83.6456
8223,83.6458
8223,83.646
8223,83.646
8223,83.6461
8223,83.6462
8223,83.6465
8223,83.6466
8223,83.647
8223,83.6471
8223,83.6472
8223,83.6474
8223,83.6475
8223,83.6475
8223,83.6477
8223,83.6477
8223,83.6478
8223,83.648
8223,83.6481
8223,83.6481
8223,83.6485
8223,83.6486
8223,83.6487
8223,83.649
8223,83.6491
8223,83.6491
8223,83.6492
8223,83.6492
8223,83.6494
8223,83.6495
8223,83.6498
8223,83.6498
8223,83.65
8223,83.65
8223,83.6501
8223,83.6502
8223,83.6503
8223,83.6505
8223,83.6505
8223,83.6506
8223,83.651
8223,83.6512
8223,83.6513
8223,83.6513
8223,83.6514
8223,83.6517
8223,83.6517
8223,83.6518
8223,83.6518
8223,83.6518
8223,83.6519
8223,83.6519
8223,83.6519
8223,83.652
8223,83.652
8223,83.6521
8223,83.6523
8223,83.6525
8223,83.6525
8223,83.6526
8223,83.6526
8223,83.6526
8229,183.576
8229,183.577
8229,183.577
8229,183.577
8229,183.577
8229,183.577
8229,183.577
8274,41.975
8293,168.022
8293,168.022
8293,168.022
8293,168.022
8293,168.022
8293,168.022
8293,168.022
8293,168.022
8293,168.022
8293,168.022
8293,168.023
8293,168.023
8293,168.023
8293,168.023
8293,168.023
8293,168.023
8293,168.023
8293,168.023
8293,168.023
8293,168.023
8293,168.023
8293,168.023
8293,168.023
8293,168.023
8293,168.023
8293,168.023
8293,168.023
8293,168.023
8293,168.023
8293,168.023
8293,168.023
8294,0.45758
8294,0.457687
8294,0.457698
8294,0.457742
8294,0.457773
8294,0.457785
8294,0.457795
8294,0.457802
8294,0.457812
8294,0.457821
8294,0.457828
8294,0.380716
8294,0.380785
8294,0.381044
8294,0.381104
8294,0.381124
8294,0.381168
8294,0.381173
8294,0.381233
8294,0.381271
8294,0.381426
8294,0.381639
8294,0.381702
8294,0.381744
8294,0.381832
8294,0.381839
8294,0.381841
8294,0.381893
8294,0.381921
8294,0.381949
8294,0.382045
8294,0.382053
8294,0.38208
8294,0.38209
8294,0.382123
8294,0.382165
8294,0.382171
8294,0.382183
8307,55.8217
8307,55.3328
8408,366.909
8421,0.440654
8421,0.440656
8421,0.440671
8421,0.440684
8421,0.394396
8421,0.394426
8421,0.394447
8421,0.394451
8421,0.394492
8440,332.312
8440,332.312
8440,332.312
8440,332.312
8440,332.312
8440,332.313
8440,332.313
8440,332.313
8440,332.314
8440,332.314
8440,332.314
8440,332.314
8440,332.314
8440,332.314
8440,332.315
8440,332.315
8440,332.315
8440,332.315
8440,332.315
8440,332.315
8440,332.315
8440,332.315
8440,332.316
8440,332.316
8440,332.316
8471,261.06
8478,0.628198
8478,0.628202
8478,0.628339
8478,0.628394
8478,0.628469
8478,0.628612
8478,0.628718
8478,0.628861
8478,0.628869
8478,0.629007
8478,0.629029
8478,0.629076
8478,0.629079
8478,0.629137
8478,0.62923
8478,0.629287
8478,0.62933
8478,0.629374
8478,0.629402
8478,0.629435
8478,0.629615
8478,0.629731
8478,0.629734
8478,0.629739
8478,0.62977
8478,0.629817
8478,0.629845
8478,0.629856
8478,0.629866
8478,0.629872
8478,0.629875
8478,0.629876
8478,0.61199
8478,0.612019
8478,0.612041
8478,0.612057
8478,0.612094
8478,0.612132
8478,0.612143
8478,0.6122
8478,0.612201
8478,0.612212
8478,0.612246
8478,0.612271
8478,0.612278
8478,0.61229
8510,81.7414
8510,81.3659
8511,370.572
8528,600.865
8560,0.754599
8560,0.754745
8560,0.75486
8560,0.754937
8560,0.754949
8560,0.754993
8560,0.755024
8560,0.755041
8560,0.755131
8560,0.755226
8560,0.755277
8560,0.755318
8560,0.755503
8560,0.755514
8560,0.755582
8560,0.755628
8560,0.75564
8560,0.755692
8560,0.755699
8560,0.755716
8593,146.23
8593,146.231
8593,146.231
8593,146.231
8593,146.231
8593,146.231
8593,146.231
8593,146.231
8593,146.231
8593,146.231
8593,146.231
8593,146.231
8593,146.231
8593,146.231
8593,146.231
8593,146.231
8593,146.231
8593,146.231
8593,146.231
8593,146.231
8593,146.231
8593,146.231
8593,146.231
8593,146.231
8593,146.231
8728,0.916879
8728,0.916889
8728,0.91697
8728,0.91705
8728,0.917065
8728,0.917091
8728,0.91716
8728,0.917255
8728,0.917312
8728,0.917452
8728,0.917492
8728,0.917538
8728,0.917631
8728,0.917837
8728,0.917902
8728,0.91792
8728,0.918045
8728,0.91806
8728,0.918228
8728,0.918364
8728,0.918408
8728,0.918421
8728,0.918461
8728,0.918503
8728,0.918604
8728,0.918681
8728,0.918693
8728,0.918715
8728,0.918863
8728,0.918891
8728,0.918978
8728,0.919007
8728,0.919135
8728,0.919198
8728,0.919333
8728,0.919441
8728,0.919512
8728,0.919567
8728,0.919652
8728,0.919722
8728,0.919755
8728,0.919755
8728,0.919761
8728,0.919774
8762,218.782
8783,128.2
8783,128.2
8783,128.2
8783,128.2
8783,128.2
8783,128.2
8783,128.2
8783,128.2
8783,128.2
8783,128.2
8783,128.199
8783,128.199
8783,128.199
8783,128.199
8783,128.2
8783,128.2
8783,128.2
8783,128.2
8783,128.2
8783,128.2
8783,128.2
8783,128.2
8783,128.2
8783,128.183
8783,128.183
8783,128.184
8783,128.184
8783,128.184
8783,128.184
8783,128.184
8783,128.184
8783,128.184
8783,128.185
8783,128.185
8783,128.185
8783,128.185
8783,128.185
8783,128.185
8783,128.185
8783,128.185
8783,128.185
8783,128.185
8783,128.185
8783,128.185
8783,128.186
8783,128.186
8783,128.186
8783,128.186
8783,128.186
8783,128.186
8783,128.186
8783,128.186
8783,128.186
8783,128.186
8783,128.186
8783,128.186
8783,128.186
8783,128.186
8783,128.186
8783,128.186
8783,128.187
8783,128.187
8783,128.187
8783,128.187
8783,128.187
8783,128.187
8783,128.187
8783,128.187
8783,128.188
8783,128.188
8783,128.188
8783,128.188
8783,128.188
8783,128.188
8783,128.188
8783,128.188
8783,128.188
8783,128.188
8783,128.188
8783,128.188
8783,128.189
8783,128.189
8783,128.189
8783,128.189
8783,128.189
8783,128.189
8783,128.189
8783,128.189
8783,128.189
8783,128.189
8783,128.189
8783,128.189
8783,128.189
8783,128.189
8783,128.189
8783,128.189
8783,128.189
8783,128.189
8783,128.189
8783,128.19
8783,128.19
8783,128.19
8783,128.19
8783,128.19
8783,128.19
8783,128.19
8783,128.19
8783,128.19
8783,128.19
8783,128.19
8783,128.19
8798,310.319
8809,265.031
8809,210.778
8828,123.535
8834,83.5225
8841,101.038
8947,619.729
8947,619.729
8947,619.519
8947,619.519
8947,619.519
8947,619.519
8947,619.519
8947,619.519
8947,619.519
8947,619.519
8947,617.552
8947,617.552
8947,617.552
8947,617.552
8947,617.552
8947,617.552
8947,617.552
8948,38.3922
8999,167.896
8999,167.896
8999,167.896
8999,167.896
8999,167.896
8999,167.896
8999,167.896
8999,167.896
8999,167.896
8999,167.897
8999,167.897
8999,167.897
8999,167.897
8999,167.897
8999,167.897
8999,167.897
8999,167.897
8999,167.897
8999,167.897
8999,167.897
8999,167.897
8999,167.897
8999,167.897
8999,167.897
8999,167.897
8999,167.898
8999,167.898
8999,167.898
8999,167.898
8999,167.898
8999,167.898
8999,167.898
8999,167.898
8999,167.898
8999,167.898
8999,167.898
8999,167.898
8999,167.898
8999,167.898
8999,167.899
8999,167.899
8999,167.899
8999,167.899
8999,167.899
8999,167.899
8999,167.899
8999,167.899
8999,167.899
8999,167.899
8999,167.899
8999,167.899
8999,167.899
8999,167.899
8999,167.899
9001,1.73596
9001,1.73609
9001,1.73633
9001,1.7364
9001,1.7364
9001,1.73641
9001,1.73649
9001,1.73697
9001,1.73708
9001,1.73716
9001,1.73723
9001,1.73738
9001,1.73739
9001,1.73741
9001,1.73769
9001,1.73774
9001,1.73781
9001,1.73784
9001,1.73817
9001,1.73818
9001,1.73823
9001,1.73827
9001,1.7383
9001,1.73837
9001,1.73855
9001,1.73856
9001,1.73859
9001,1.7386
9001,1.73872
9001,1.73873
9001,1.73889
9001,1.7389
9001,1.73893
9001,1.73904
9001,1.73905
9001,1.73911
9001,1.73919
9001,1.73919
9001,1.73929
9001,1.73932
9001,1.73933
9001,1.73938
9001,1.73943
9001,1.73945
9001,1.73957
9001,1.73961
9001,1.73966
9001,1.73974
9001,1.73975
9001,1.73977
9001,1.73991
9001,1.73994
9001,1.73998
9001,1.74004
9001,1.74008
9001,1.74014
9001,1.74017
9001,1.74019
9012,21.3906
9012,21.3906
9012,21.3906
9012,21.3906
9031,72.1235
9031,72.1236
9031,72.1236
9031,72.1238
9031,72.1238
9031,72.1238
9031,72.1238
9031,72.1238
9031,72.1239
9031,72.124
9031,72.124
9031,72.1241
9031,72.1242
9031,72.1244
9031,72.1245
9031,72.1246
9031,72.1246
9031,72.1246
9031,72.1247
9031,72.1247
9031,72.1248
9031,72.1248
9031,72.1248
9031,72.1249
9031,72.125
9031,72.125
9031,72.1251
9031,72.1251
9031,72.1251
9031,72.1252
9031,72.1252
9031,72.1252
9031,72.1252
9031,72.1252
9031,72.1253
9031,72.1253
9031,72.1253
9031,72.1253
9031,72.1253
9052,16.0196
9052,16.0197
9052,16.0198
9052,16.0199
9052,16.0199
9052,16.02
9052,16.0201
9052,16.0203
9052,16.0203
9052,16.0203
9052,16.0203
9052,16.0204
9052,16.0204
9052,16.0204
9052,16.0204
9052,16.0205
9052,16.0205
9052,16.0205
9052,16.0205
9052,16.0206
9069,196.387
9069,196.389
9069,196.423
9069,196.624
9069,196.625
9184,144.153
9191,174.808
9191,174.808
9191,174.808
9191,174.808
9191,174.808
9191,174.808
9191,174.782
9191,174.782
9191,174.782
9191,174.782
9191,174.782
9191,174.782
9200,155.095
9200,155.095
9200,155.095
9200,155.095
9200,155.095
9200,155.095
9200,155.095
9200,155.095
9200,154.983
9200,154.983
9200,154.983
9200,154.983
9204,151.355
9204,149.667
9204,148.951
9225,143.548
9225,143.548
9225,143.548
9225,143.548
9225,143.549
9225,143.549
9225,143.549
9225,143.549
9225,143.549
9225,143.549
9225,143.549
9225,143.549
9225,143.55
9225,143.55
9225,143.55
9225,143.55
9225,143.55
9225,143.55
9225,143.55
9225,143.55
9225,143.55
9225,143.55
9225,143.55
9225,143.55
9225,143.55
9225,143.55
9225,143.55
9225,143.551
9225,143.551
9225,143.551
9225,143.551
9225,143.551
9225,143.551
9225,143.551
9225,143.551
9225,143.552
9225,143.552
9225,143.552
9225,143.552
9225,143.552
9225,143.552
9225,143.552
9225,143.552
9225,143.552
9225,143.552
9225,143.552
9225,143.552
9225,143.552
9225,143.552
9225,143.552
9225,143.552
9225,143.552
9225,143.553
9225,143.553
9225,143.553
9225,143.553
9225,143.553
9225,143.553
9225,143.553
9225,143.553
9225,143.553
9225,143.553
9225,143.553
9225,143.553
9225,143.553
9225,143.553
9225,143.553
9225,143.554
9225,143.554
9225,143.554
9225,143.554
9225,143.554
9225,143.554
9225,143.554
9225,143.554
9225,143.554
9225,143.554
9225,143.554
9225,143.554
9225,143.554
9225,143.554
9225,143.554
9225,143.554
9225,143.555
9225,143.555
9225,143.555
9225,143.555
9225,143.555
9225,143.555
9225,143.555
9225,143.555
9225,143.555
9225,143.555
9225,143.555
9225,143.555
9225,143.555
9225,143.556
9225,143.556
9225,143.556
9225,143.556
9225,143.556
9225,143.556
9225,143.556
9225,143.556
9225,143.556
9225,143.556
9225,143.556
9225,143.556
9225,143.556
9225,143.556
9225,143.556
9225,143.557
9225,143.557
9225,143.557
9225,143.557
9225,143.557
9225,143.557
9225,143.557
9225,143.557
9225,143.557
9225,143.557
9225,143.557
9225,143.557
9225,143.557
9225,143.557
9225,143.557
9225,143.557
9225,143.558
9225,143.558
9225,143.558
9225,143.558
9225,143.558
9225,143.558
9225,143.558
9225,143.558
9225,143.558
9225,143.558
9225,143.558
9225,143.558
9225,143.558
9225,143.558
9225,143.558
9225,143.558
9225,143.558
9252,1022.96
9264,208.719
9264,208.719
9264,208.719
9264,208.719
9264,208.719
9264,208.719
9264,208.719
9297,68.6541
9298,47.8166
9406,202.847
9406,202.847
9406,202.847
9406,202.847
9406,202.847
9406,202.847
9406,202.847
9406,202.847
9406,202.847
9406,202.847
9406,202.848
9406,202.848
9406,202.848
9406,202.848
9406,202.848
9406,202.848
9406,202.848
9406,202.848
9406,202.848
9406,202.848
9406,202.848
9406,202.848
9406,202.849
9406,202.849
9406,202.849
9406,202.849
9406,202.849
9406,202.849
9406,202.849
9406,202.85
9406,202.85
9406,202.85
9406,202.85
9406,202.85
9406,202.85
9406,202.85
9406,202.851
9406,202.851
9406,202.851
9406,202.851
9406,202.851
9406,202.851
9406,202.851
9406,202.852
9406,202.852
9406,202.852
9406,202.852
9406,202.852
9406,202.852
9406,202.852
9406,202.852
9406,202.852
9406,202.852
9406,202.852
9406,202.852
9406,202.852
9406,202.852
9406,202.853
9406,202.853
9406,202.853
9406,202.853
9406,202.853
9406,202.853
9406,202.853
9406,202.853
9406,202.853
9406,202.854
9406,202.854
9406,202.854
9406,202.854
9406,202.854
9406,202.855
9406,202.855
9406,202.855
9406,202.855
9406,202.855
9406,202.855
9406,202.855
9406,202.855
9406,202.855
9406,202.856
9406,202.856
9406,202.856
9406,202.856
9406,202.856
9406,202.856
9406,202.857
9406,202.857
9406,202.857
9406,202.857
9406,202.857
9406,202.857
9406,202.857
9406,202.857
9406,202.857
9406,202.857
9406,202.857
9406,202.857
9406,202.857
9406,202.857
9406,202.858
9406,202.858
9406,202.858
9406,202.858
9406,202.858
9406,202.858
9406,202.858
9406,202.858
9406,202.858
9406,202.859
9406,202.859
9406,202.859
9406,202.859
9406,202.859
9406,202.859
9406,202.859
9406,202.859
9406,202.86
9406,202.86
9406,202.86
9406,202.86
9406,202.86
9406,202.86
9406,202.86
9406,202.861
9406,202.861
9406,202.861
9406,202.861
9406,202.861
9406,202.861
9406,202.862
9406,202.862
9406,202.862
9406,202.862
9406,202.862
9406,202.862
9406,202.862
9406,202.862
9406,202.862
9406,202.863
9406,202.863
9406,202.863
9406,202.863
9406,202.863
9406,202.863
9406,202.863
9406,202.863
9406,202.863
9406,202.863
9406,202.863
9406,202.863
9406,202.864
9406,202.864
9406,202.864
9406,202.864
9406,202.864
9406,202.864
9406,202.864
9406,202.864
9406,202.864
9406,202.864
9406,202.864
9406,202.864
9406,202.864
9406,202.864
9406,202.865
9406,202.865
9406,202.865
9406,202.865
9406,202.865
9406,202.865
9406,202.865
9406,202.865
9406,202.865
9406,202.865
9406,202.866
9406,202.866
9406,202.866
9406,202.866
9406,202.866
9406,202.866
9406,202.866
9406,202.866
9406,202.866
9406,202.866
9406,202.866
9406,202.867
9406,202.867
9406,202.867
9406,202.867
9406,202.867
9406,202.867
9406,202.867
9406,202.867
9406,202.867
9406,202.867
9406,202.867
9406,202.867
9406,202.868
9406,202.868
9406,202.868
9406,202.868
9406,202.868
9406,202.868
9406,202.868
9406,202.868
9406,202.869
9406,202.869
9406,202.869
9406,202.869
9406,202.869
9406,202.869
9406,202.869
9406,202.869
9406,202.87
9406,202.87
9406,202.87
9406,202.87
9406,202.87
9406,202.87
9406,202.87
9406,202.87
9406,202.87
9406,202.87
9406,202.87
9406,202.871
9406,202.871
9406,202.871
9406,202.871
9406,202.871
9406,202.871
9406,202.871
9406,202.871
9406,202.871
9406,202.871
9406,202.871
9406,202.871
9406,202.871
9406,202.871
9406,202.872
9406,202.872
9406,202.872
9406,202.872
9406,202.872
9406,202.872
9406,202.872
9406,202.872
9406,202.872
9406,202.872
9406,202.872
9406,202.872
9406,202.872
9406,202.872
9406,202.872
9406,202.872
9406,202.872
9406,202.872
9406,202.872
9406,202.872
9406,202.872
9406,202.872
9406,202.872
9406,202.872
9406,202.872
9406,202.873
9406,202.873
9406,202.873
9406,202.873
9406,202.873
9406,202.873
9406,202.873
9406,202.873
9406,202.873
9406,202.873
9406,202.873
9411,356.751
9411,356.451
9411,354.478
9411,345.566
9411,343.427
9411,341.429
9411,341.305
9435,399.417
9450,90.4254
9495,272.738
9495,272.738
9495,272.738
9495,272.738
9495,272.702
9495,272.703
9495,272.703
9495,272.703
9495,272.703
9495,272.703
9495,272.703
9495,272.703
9495,272.703
9495,272.703
9495,272.703
9495,272.67
9495,272.671
9495,272.671
9495,272.671
9495,272.671
9495,272.671
9495,272.671
9495,272.671
9495,272.671
9495,272.671
9495,272.671
9495,272.671
9495,272.671
9495,272.671
9495,272.671
9495,272.671
9495,272.671
9495,272.671
9495,272.671
9495,272.672
9495,272.672
9495,272.672
9495,272.672
9495,272.672
9495,272.672
9495,272.672
9495,272.672
9505,287.602
9516,94.1954
9516,94.1954
9516,94.1956
9516,94.1956
9516,94.1956
9516,94.1956
9516,94.1958
9516,94.1958
9516,94.1958
9516,94.1959
9516,94.1959
9516,94.1959
9516,94.1959
9516,94.196
9516,94.1961
9516,94.1961
9516,94.1961
9516,94.1961
9516,94.1961
9516,94.1962
9516,94.1962
9516,94.1962
9521,75.0703
9542,176.232
9605,58.8791
9605,58.8792
9605,58.8795
9605,58.8799
9605,58.88
9605,58.88
9605,58.8803
9605,58.8804
9605,58.8805
9605,58.8807
9605,58.881
9605,58.8811
9605,58.8811
9605,58.8812
9605,58.8812
9605,58.8812
9605,58.8812
9605,58.8812
9605,58.8815
9605,58.8815
9605,58.8816
9605,58.8816
9605,58.8818
9605,58.8818
9605,58.8819
9605,58.882
9605,58.882
9605,58.8821
9605,58.8821
9605,58.8821
9605,58.8822
9605,58.8822
9605,58.8822
9605,58.8823
9605,58.8824
9605,58.8825
9605,58.8827
9605,58.8827
9605,58.8828
9605,58.8829
9605,58.8831
9605,58.8831
9605,58.8834
9605,58.8834
9605,58.8835
9605,58.8836
9605,58.8837
9605,58.8837
9605,58.8838
9605,58.8838
9605,58.8839
9605,58.8839
9605,58.884
9605,58.884
9605,58.884
9605,58.8841
9605,58.8842
9605,58.8842
9605,58.8843
9605,58.8843
9605,58.8844
9605,58.8845
9605,58.8845
9605,58.8845
9605,58.8845
9637,682.626
9637,682.626
9637,682.626
9637,682.626
9637,682.626
9637,682.626
9662,512.989
9662,510.75
9664,201.625
9664,201.022
9714,0.733473
9714,0.733577
9714,0.733615
9714,0.733754
9714,0.733775
9714,0.733833
9714,0.733835
9714,0.733852
9714,0.733874
9714,0.734105
9714,0.734138
9714,0.734371
9714,0.734424
9714,0.734518
9714,0.734659
9714,0.734731
9714,0.734749
9714,0.734763
9714,0.734767
9714,0.734806
9714,0.73487
9714,0.734965
9714,0.735005
9714,0.735033
9714,0.735156
9714,0.735269
9714,0.735427
9714,0.735438
9714,0.735473
9714,0.735506
9714,0.735555
9714,0.735572
9714,0.735604
9714,0.73565
9714,0.735691
9714,0.735709
9714,0.735811
9714,0.735816
9714,0.735908
9714,0.736082
9714,0.736275
9714,0.736579
9714,0.736592
9714,0.736687
9714,0.736936
9714,0.737046
9714,0.737159
9714,0.737267
9714,0.737339
9714,0.737562
9714,0.737744
9714,0.737805
9714,0.737819
9714,0.737823
9714,0.737949
9714,0.738078
9714,0.738118
9714,0.738119
9714,0.738164
9714,0.738176
9714,0.738238
9714,0.738254
9714,0.738387
9714,0.738417
9714,0.738451
9714,0.738488
9714,0.738628
9714,0.738722
9714,0.73873
9714,0.738773
9714,0.738774
9714,0.738792
9714,0.738809
9714,0.738812
9722,39.2239
9722,39.2239
9722,39.2238
9722,39.2237
9722,39.2237
9722,39.2236
9722,39.2234
9722,39.2234
9738,46.4254
9738,46.4254
9738,46.4254
9738,46.4256
9738,46.4256
9738,46.4256
9738,46.4256
9738,46.4256
9738,46.4137
9738,46.4138
9738,46.4138
9769,290.301
9834,608.734
9834,608.748
9846,307.16
9846,307.16
9846,307.16
9846,307.16
9846,307.16
9846,307.16
9846,307.16
9849,152.401
9849,152.403
9849,152.406
9849,152.912
9853,55.28
9863,227.493
9863,227.51
9863,227.543
9863,227.563
9884,281.294
9884,281.294
9884,281.294
9884,281.294
9884,281.294
9884,281.294
9884,281.294
9884,281.294
9884,281.294
9884,281.294
9884,281.294
9884,281.287
9884,281.287
9884,281.287
9884,281.287
9884,281.287
9884,281.287
9884,281.287
9899,0.833874
9899,0.833916
9899,0.833958
9899,0.834042
9899,0.834112
9899,0.83413
9899,0.834242
9899,0.834277
9899,0.834298
9899,0.834338
9899,0.834343
9899,0.834346
9899,0.834399
9899,0.834476
9899,0.834514
9899,0.834547
9899,0.834577
9899,0.834586
9899,0.8346
9899,0.834703
9899,0.834705
9899,0.834761
9899,0.834783
9899,0.834872
9899,0.834893
9899,0.834907
9899,0.835006
9899,0.835091
9899,0.835146
9899,0.83515
9899,0.835283
9899,0.835398
9899,0.835449
9899,0.835488
9899,0.835499
9899,0.835526
9899,0.835526
9899,0.835532
9899,0.835563
9899,0.835584
9899,0.83562
9899,0.835656
9899,0.8357
9899,0.835705
9899,0.835706
9899,0.835714
9899,0.835715
9899,0.762324
9899,0.762481
9899,0.762585
9899,0.762693
9899,0.762774
9899,0.762846
9899,0.763084
9899,0.763106
9899,0.76314
9899,0.76318
9899,0.763191
9899,0.763199
9899,0.763221
9899,0.763314
9899,0.763324
9899,0.763365
9899,0.763449
9899,0.763483
9899,0.76363
9899,0.763642
9899,0.763721
9899,0.763788
9899,0.763896
9899,0.763907
9899,0.76404
9899,0.764072
9899,0.764135
9899,0.764251
9899,0.764674
9899,0.764714
9899,0.764759
9899,0.764776
9899,0.764806
9899,0.764873
9899,0.764895
9899,0.764907
9899,0.765016
9899,0.765027
9899,0.765045
9899,0.765114
9899,0.765165
9899,0.765214
9899,0.765255
9899,0.765321
9899,0.765386
9899,0.765563
9899,0.765601
9899,0.765702
9899,0.765814
9899,0.765835
9899,0.76587
9899,0.765979
9899,0.766064
9899,0.766064
9899,0.766133
9899,0.766162
9899,0.766252
9899,0.766464
9899,0.766465
9899,0.76663
9899,0.766695
9899,0.766792
9899,0.766859
9899,0.766944
9899,0.76702
9899,0.767065
9899,0.767126
9899,0.767132
9899,0.767144
9899,0.767191
9899,0.767243
9899,0.767243
9899,0.767257
9899,0.76727
9899,0.767289
9899,0.7673
9899,0.767309
9914,136.566
9914,136.566
9914,136.566
9914,136.566
9914,136.566
9914,136.531
9914,136.531
9914,136.531
9914,136.531
9914,136.531
9914,136.532
9914,136.532
9914,136.532
9914,136.532
9914,136.532
9914,136.532
9914,136.532
9914,136.532
9914,136.532
9914,136.532
9914,136.532
9914,136.532
9914,136.532
9914,136.532
9914,136.532
9914,136.532
9914,136.533
9914,136.533
9914,136.533
9914,136.533
9914,136.533
9914,136.533
9914,136.533
9914,136.533
9914,136.533
9914,136.533
9914,136.533
9914,136.533
9914,136.533
9914,136.533
9914,136.533
9914,136.533
9914,136.534
9914,136.534
9914,136.534
9914,136.534
9914,136.534
9914,136.534
9914,136.534
9914,136.534
9914,136.534
9914,136.534
9914,136.534
9914,136.534
9914,136.534
9914,136.534
9914,136.534
9914,136.534
9914,136.534
9914,136.534
9914,136.534
9914,136.534
9914,136.534
9914,136.534
9914,136.534
9914,136.534
9914,136.534
9914,136.534
9914,136.534
9914,136.534
9914,136.534
9914,136.535
9914,136.535
9914,136.535
9914,136.535
9914,136.535
9914,136.535
9917,93.475
9979,353.61
9979,352.994
9990,61.9911
9990,62.0276
9990,62.1027
9997,238.33
